Car Brand,Mileage (km),Year of Make,Price (USD)
Lexus,46723,2017,45697
Audi,17442,2009,15888
Audi,34533,2023,29609
Lexus,146695,2007,44525
Audi,117220,2017,26851
Lexus,123150,2015,42068
Audi,103776,2013,11770
Audi,74447,2010,14349
Audi,30170,2020,32377
Lexus,103771,2012,11709
Lexus,86245,2008,11997
Lexus,69826,2017,34838
Audi,78001,2009,11633
Lexus,87890,2018,25224
Audi,136228,2023,28662
Audi,127621,2018,16157
Lexus,63832,2016,31585
Lexus,23461,2018,18816
Audi,120149,2017,12247
Lexus,118086,2006,31612
Lexus,114809,2012,14812
Audi,73344,2008,40603
Lexus,143534,2016,27280
Audi,18853,2009,41772
Audi,70225,2022,31655
Audi,139328,2014,39070
Lexus,139546,2021,18266
Lexus,68451,2011,22990
Lexus,62265,2017,17879
Audi,114706,2011,20225
Audi,119062,2010,46467
Lexus,48347,2009,11578
Audi,93714,2015,13920
Lexus,116001,2023,33969
Lexus,51673,2006,13890
Lexus,14444,2020,23122
Audi,138380,2014,28015
Audi,53349,2005,25071
Audi,97850,2020,27054
Lexus,33817,2012,18540
Lexus,115939,2023,37850
Lexus,43272,2006,34365
Audi,25247,2012,34264
Audi,23668,2008,14878
Audi,36375,2015,10337
Lexus,75610,2022,25892
Lexus,100042,2009,44004
Lexus,94010,2019,22187
Audi,35573,2014,32607
Lexus,84580,2022,17584
Lexus,130044,2017,34033
Audi,11608,2014,49713
Audi,80369,2005,26916
Audi,66003,2017,43511
Audi,119251,2007,42904
Lexus,97296,2013,20408
Audi,76302,2018,38113
Audi,94826,2018,29278
Audi,64013,2013,41747
Audi,97922,2005,23351
Lexus,95572,2014,19782
Audi,39732,2023,39822
Lexus,54705,2021,33550
Lexus,52777,2006,35973
Audi,68252,2015,25303
Lexus,116801,2007,39912
Audi,84868,2009,32802
Lexus,110573,2015,46357
Lexus,76463,2008,45638
Lexus,98494,2007,11657
Lexus,44140,2013,22668
Lexus,137567,2017,23289
Audi,116241,2017,24742
Lexus,142782,2016,39800
Audi,136453,2013,39806
Lexus,91149,2020,44740
Lexus,137231,2014,11330
Audi,62372,2014,18438
Audi,45446,2015,32775
Audi,114363,2021,48802
Lexus,90378,2009,48319
Lexus,36437,2020,22707
Audi,11222,2016,42145
Lexus,23013,2013,29539
Audi,43946,2021,26778
Lexus,63528,2009,49185
Lexus,127176,2009,25403
Audi,25657,2011,31871
Audi,82018,2008,32189
Audi,79513,2020,17071
Audi,46963,2013,23150
Audi,148206,2008,41306
Lexus,132525,2022,34341
Audi,51848,2005,45897
Audi,64390,2011,18476
Lexus,15430,2020,31417
Audi,107502,2017,29578
Audi,110615,2022,43794
Audi,110614,2006,35555
Lexus,27710,2016,46107
Lexus,24928,2013,37664
Audi,145841,2018,36093
Audi,107434,2021,21738
Lexus,133601,2012,22203
Audi,46376,2014,12347
Audi,82359,2008,18457
Lexus,9614,2014,31922
Lexus,20795,2009,41431
Lexus,75415,2018,12852
Lexus,94154,2015,40373
Lexus,19913,2014,15243
Lexus,30195,2012,33112
Audi,38216,2018,15966
Audi,66692,2020,45451
Audi,117426,2010,34756
Audi,71828,2014,22303
Lexus,100307,2013,23199
Audi,74601,2020,45621
Lexus,74147,2014,10480
Lexus,110942,2007,17227
Audi,52906,2021,44272
Lexus,106143,2014,36610
Lexus,111684,2023,18586
Audi,115107,2010,12289
Audi,102956,2006,24335
Lexus,118343,2016,18649
Audi,55347,2015,38611
Audi,43914,2008,22614
Lexus,110971,2019,40516
Lexus,45357,2009,40706
Audi,7428,2019,10046
Lexus,122807,2012,15916
Lexus,117043,2022,24030
Audi,139980,2022,30153
Lexus,131533,2017,36507
Lexus,118185,2022,27056
Audi,48630,2012,29303
Audi,89808,2020,21352
Lexus,16308,2011,46005
Audi,68259,2020,30518
Audi,68988,2005,22806
Lexus,136104,2021,49092
Audi,56697,2022,27484
Lexus,132441,2007,29493
Audi,7973,2006,15295
Lexus,48587,2023,35686
Audi,21359,2010,41295
Lexus,112462,2010,20900
Lexus,79339,2007,37326
Lexus,37463,2011,46870
Audi,26710,2014,21959
Lexus,118864,2007,42943
Audi,90832,2023,34074
Audi,27491,2008,35853
Lexus,79678,2007,28464
Audi,124776,2009,24623
Lexus,41125,2009,38027
Lexus,129036,2015,11133
Audi,148427,2015,42732
Lexus,65365,2010,42115
Lexus,131083,2022,14602
Audi,149832,2008,34429
Audi,66948,2008,43349
Lexus,134740,2006,42305
Audi,70995,2020,23214
Lexus,49752,2008,17837
Audi,120677,2018,41366
Lexus,6781,2016,10198
Audi,94244,2006,39457
Lexus,60229,2009,19426
Audi,118756,2023,49682
Audi,35151,2008,28021
Audi,21872,2005,19598
Audi,98953,2021,25665
Lexus,84900,2018,40103
Lexus,124515,2010,27713
Lexus,109095,2022,39243
Audi,56636,2007,43526
Audi,28905,2006,37081
Lexus,109105,2015,18183
Lexus,11566,2019,36416
Audi,25077,2006,41932
Lexus,110867,2010,39695
Lexus,99807,2009,49930
Lexus,41641,2019,26442
Audi,75530,2023,36429
Lexus,108425,2018,23722
Lexus,146180,2017,43220
Lexus,59628,2016,24912
Audi,140144,2021,35833
Audi,82116,2012,30068
Lexus,40977,2005,14541
Audi,24360,2017,24292
Lexus,84124,2022,13231
Lexus,29243,2017,34961
Lexus,11335,2010,37819
Audi,145309,2010,34267
Lexus,66422,2008,47233
Lexus,45902,2014,17020
Audi,144732,2009,15568
Lexus,16657,2006,44583
Audi,58988,2015,34656
Audi,83801,2014,30798
Lexus,127221,2011,33260
Lexus,89860,2007,29865
Lexus,76899,2018,25496
Audi,6904,2018,44875
Audi,44388,2015,14074
Audi,40596,2022,34068
Audi,58897,2012,48990
Audi,79875,2017,14930
Lexus,24535,2020,40850
Audi,81759,2009,12057
Audi,58748,2023,23170
Lexus,128085,2006,33189
Lexus,32558,2006,37976
Lexus,32986,2011,30148
Lexus,14432,2005,41596
Audi,144519,2011,36223
Lexus,58364,2006,10374
Lexus,72616,2021,41541
Audi,93644,2015,49404
Audi,67950,2019,32071
Audi,6162,2008,40700
Audi,9448,2016,34262
Audi,130428,2008,48456
Lexus,12902,2015,22205
Lexus,119596,2018,35607
Lexus,57580,2019,40298
Lexus,7962,2013,23010
Lexus,139364,2017,14900
Audi,146640,2022,26615
Audi,32088,2005,30058
Audi,139723,2015,41901
Lexus,87999,2006,40719
Lexus,63969,2017,24750
Audi,23245,2016,24611
Lexus,102307,2012,27459
Lexus,87451,2007,23910
Lexus,115873,2008,24042
Lexus,127010,2008,10376
Audi,131148,2020,44758
Audi,105053,2010,43404
Audi,42902,2005,26972
Lexus,103272,2011,24663
Lexus,56534,2019,11536
Lexus,109105,2019,40471
Audi,106951,2023,32372
Lexus,45556,2020,43879
Lexus,121962,2023,45948
Audi,44754,2014,27855
Audi,23229,2005,10916
Audi,16661,2018,49043
Lexus,135591,2019,25048
Lexus,6579,2009,29096
Audi,7789,2014,23973
Audi,63641,2011,33046
Audi,71724,2017,38003
Lexus,31776,2010,44753
Audi,141492,2005,20287
Audi,56726,2017,36542
Lexus,94582,2018,22556
Lexus,114192,2023,36872
Lexus,136943,2015,39108
Lexus,118734,2015,16433
Lexus,24373,2009,26178
Audi,99408,2008,20855
Lexus,68851,2020,16162
Lexus,14654,2010,16413
Lexus,148739,2020,38413
Audi,146664,2015,45185
Audi,123453,2005,41732
Audi,110950,2023,43728
Lexus,108032,2014,49996
Audi,82403,2020,10188
Lexus,76863,2018,20671
Lexus,80889,2010,40612
Lexus,111327,2015,44732
Audi,84877,2005,43776
Lexus,74048,2018,38266
Lexus,44857,2023,27155
Audi,13503,2017,13040
Lexus,25071,2021,11862
Lexus,50318,2008,19413
Lexus,95039,2014,48484
Lexus,88730,2016,11263
Lexus,97181,2018,48571
Audi,102846,2022,29323
Lexus,69424,2018,29281
Audi,93823,2007,41653
Lexus,83241,2019,38795
Lexus,77459,2021,23547
Audi,104899,2009,12593
Audi,137072,2012,16395
Lexus,140058,2005,27195
Audi,87655,2023,14478
Audi,63819,2020,41407
Lexus,70216,2012,39768
Audi,132322,2016,49658
Lexus,118467,2011,45969
Audi,16838,2017,41911
Audi,140033,2018,22380
Audi,147385,2022,29361
Audi,86229,2013,46148
Lexus,95171,2011,18293
Lexus,113063,2023,18012
Audi,7286,2023,40220
Lexus,112798,2014,14821
Audi,63226,2009,49838
Lexus,43434,2020,31976
Audi,64172,2020,31424
Audi,115258,2019,39518
Audi,25276,2016,15092
Audi,133621,2021,47493
Audi,9029,2019,46059
Lexus,10729,2022,23231
Lexus,86579,2019,33703
Lexus,107145,2021,29072
Audi,100358,2009,25473
Audi,87302,2005,41312
Lexus,136931,2010,34732
Audi,60066,2022,23762
Audi,88373,2010,34589
Lexus,115559,2018,46438
Lexus,116469,2012,18132
Audi,130032,2017,22057
Audi,91900,2022,41146
Lexus,118196,2012,25451
Audi,135150,2015,46084
Lexus,57327,2018,40451
Audi,119994,2023,35048
Audi,97152,2021,15595
Lexus,87503,2013,26223
Audi,118911,2010,32577
Lexus,146557,2023,47370
Lexus,100248,2019,39259
Audi,84018,2023,34452
Audi,146084,2018,21492
Lexus,38281,2010,14705
Audi,24967,2023,19920
Lexus,14281,2022,49920
Audi,92666,2005,41070
Audi,72425,2005,15099
Lexus,130779,2019,13176
Lexus,44169,2012,18461
Lexus,92500,2022,22753
Lexus,11161,2020,11082
Audi,90121,2022,42894
Audi,122031,2017,13859
Lexus,7377,2015,14755
Lexus,49262,2017,20319
Audi,36310,2005,46615
Audi,144458,2023,49999
Audi,70298,2016,11561
Lexus,70356,2005,34103
Audi,116741,2018,11096
Audi,103506,2008,28700
Audi,10154,2023,19143
Audi,59119,2016,29449
Lexus,149519,2018,29912
Lexus,37805,2022,26854
Lexus,104402,2017,48342
Audi,64908,2011,48764
Lexus,74782,2006,41464
Lexus,131697,2013,14318
Lexus,53149,2018,28250
Audi,36420,2007,22579
Audi,102019,2022,44478
Audi,52816,2015,19835
Audi,45373,2023,43738
Lexus,59795,2018,13724
Lexus,148647,2015,41905
Audi,95921,2010,27014
Audi,53442,2015,24200
Audi,133649,2018,36499
Audi,146645,2022,29296
Audi,17285,2023,33993
Audi,102719,2012,24064
Lexus,128270,2020,20632
Audi,122730,2019,18962
Audi,69013,2013,20705
Audi,70061,2011,28008
Audi,52513,2012,31514
Lexus,43925,2015,24682
Lexus,134295,2011,22381
Lexus,31141,2021,47080
Audi,132742,2016,17769
Lexus,112214,2021,17696
Lexus,62565,2020,16215
Lexus,108053,2010,30881
Audi,13865,2009,44754
Lexus,25616,2016,26453
Lexus,96618,2023,31534
Audi,100124,2014,44523
Audi,102079,2009,46492
Lexus,114964,2013,27630
Lexus,126149,2011,38672
Audi,5074,2018,34126
Lexus,140274,2013,25201
Audi,96613,2022,42322
Lexus,38443,2020,28198
Audi,14494,2010,10612
Audi,81561,2018,21337
Lexus,148196,2013,48813
Audi,124410,2008,18913
Audi,123516,2022,42999
Audi,58020,2005,30992
Lexus,17521,2021,39506
Audi,137664,2010,33242
Lexus,127437,2008,19050
Lexus,104008,2013,47200
Audi,11685,2011,18489
Audi,54186,2010,35155
Audi,45510,2021,25493
Lexus,5345,2015,46294
Lexus,141345,2013,41605
Lexus,31736,2021,25412
Lexus,101767,2012,34301
Audi,115079,2018,41637
Lexus,29510,2020,17284
Audi,8597,2016,17733
Lexus,126547,2006,29719
Audi,10971,2007,33480
Audi,90380,2017,42308
Lexus,103665,2020,48366
Lexus,65009,2012,14101
Lexus,71887,2015,12323
Lexus,109618,2018,20826
Lexus,68913,2009,18338
Lexus,40885,2008,36178
Audi,95823,2008,33977
Audi,65448,2018,25036
Lexus,25374,2019,13095
Audi,28133,2006,22496
Lexus,21405,2007,28841
Audi,97173,2011,48797
Audi,60822,2023,40588
Audi,20225,2020,18472
Audi,21868,2005,17806
Audi,84486,2009,19469
Audi,145020,2022,31681
Audi,20504,2011,29453
Audi,28052,2008,41716
Audi,117017,2018,11903
Audi,60517,2005,41698
Audi,60844,2016,40754
Audi,27138,2012,11108
Lexus,93425,2023,47642
Audi,90756,2010,46044
Lexus,119613,2020,48464
Audi,21606,2010,33649
Lexus,72988,2017,17990
Lexus,141497,2014,38765
Lexus,120167,2007,39989
Lexus,7069,2019,38089
Audi,24401,2020,18471
Lexus,126830,2006,15451
Audi,50372,2009,43155
Lexus,127859,2005,19102
Lexus,144715,2023,37532
Lexus,109987,2010,19268
Lexus,40244,2010,16689
Lexus,94201,2014,13222
Audi,127776,2006,16849
Audi,16470,2022,33042
Lexus,30354,2017,24409
Audi,122955,2014,25795
Lexus,30225,2017,16931
Lexus,6453,2011,43985
Audi,120121,2012,20161
Lexus,68499,2023,35204
Audi,67800,2010,46024
Audi,70437,2012,39360
Audi,134329,2010,30730
Audi,72621,2016,20880
Lexus,8660,2017,16616
Lexus,125966,2022,24893
Audi,78946,2016,46972
Lexus,84094,2009,40885
Audi,103077,2023,21357
Audi,75789,2011,34916
Lexus,145540,2013,16391
Lexus,33014,2015,47923
Lexus,61027,2019,25371
Lexus,87794,2018,37518
Lexus,55530,2020,21563
Audi,16617,2007,12001
Lexus,98727,2019,29739
Audi,73325,2018,49492
Lexus,71776,2013,26715
Lexus,27400,2006,39887
Lexus,11674,2014,20571
Lexus,100090,2011,27180
Audi,76672,2020,13953
Audi,41233,2010,13081
Audi,27322,2017,43074
Lexus,83366,2010,19886
Audi,18494,2013,18020
Lexus,142956,2021,29139
Lexus,99498,2009,42548
Audi,83135,2006,25097
Lexus,107682,2010,43940
Audi,73471,2006,35932
Lexus,55696,2013,42501
Lexus,107038,2008,46716
Lexus,30419,2014,21387
Lexus,92746,2018,46663
Lexus,125374,2009,49401
Audi,21237,2013,34847
Audi,75257,2007,30356
Lexus,110151,2008,35323
Lexus,70975,2007,22927
Lexus,8783,2011,20871
Audi,36515,2007,35915
Audi,52395,2019,39134
Audi,35893,2011,48184
Audi,106643,2006,15548
Audi,28729,2018,11035
Audi,63344,2021,35410
Audi,64651,2017,44237
Lexus,121288,2010,14961
Audi,11406,2009,14272
Lexus,125930,2007,25644
Audi,15651,2016,41949
Audi,142987,2016,48257
Lexus,57135,2020,14642
Lexus,28012,2013,21001
Lexus,54043,2014,19687
Lexus,144796,2014,28578
Lexus,18194,2020,49574
Lexus,107118,2016,39020
Lexus,34067,2019,45709
Lexus,75163,2020,25443
Audi,121440,2021,30141
Lexus,90582,2015,11567
Audi,82217,2011,13394
Audi,14018,2008,18636
Audi,142161,2009,38829
Lexus,57612,2021,13051
Lexus,72790,2018,33949
Audi,45520,2023,39798
Audi,114443,2017,23921
Lexus,142405,2009,27968
Audi,76280,2005,17399
Lexus,28470,2013,24926
Lexus,86236,2021,41067
Lexus,43126,2012,27612
Lexus,77771,2023,35312
Audi,52358,2021,46487
Lexus,15711,2011,18789
Lexus,22716,2016,14337
Lexus,43569,2015,43081
Lexus,59148,2022,28449
Audi,22068,2012,21381
Audi,84356,2021,21177
Lexus,62226,2007,43118
Lexus,25333,2022,23791
Audi,104717,2013,48512
Lexus,30865,2009,20309
Audi,117221,2011,38324
Lexus,130111,2008,22089
Lexus,115137,2009,42825
Lexus,31583,2022,44289
Lexus,125381,2016,49798
Audi,41504,2012,46603
Audi,37033,2009,19511
Audi,58758,2009,11521
Audi,148918,2010,13460
Lexus,119201,2010,14715
Audi,95361,2017,47392
Audi,69366,2019,17990
Lexus,29893,2022,10351
Lexus,139622,2011,13104
Lexus,53906,2007,44230
Audi,19878,2020,25815
Lexus,71295,2022,44511
Lexus,95129,2014,35806
Audi,134690,2007,46037
Lexus,16214,2022,32067
Lexus,96270,2017,17957
Lexus,56113,2020,24907
Lexus,15870,2014,36688
Audi,24625,2023,24285
Lexus,75330,2008,33245
Audi,99670,2023,31319
Lexus,25476,2020,40394
Lexus,138810,2006,41783
Lexus,122366,2011,34227
Lexus,33804,2013,18302
Lexus,33392,2005,30624
Audi,144015,2007,24175
Lexus,106430,2009,43864
Audi,96453,2017,41314
Lexus,58785,2017,49137
Lexus,32219,2022,24962
Lexus,107414,2023,26243
Lexus,77061,2009,20882
Lexus,17872,2022,20824
Lexus,11041,2005,30691
Audi,52883,2015,27027
Lexus,9634,2011,10171
Lexus,141908,2023,21451
Lexus,121426,2021,22550
Audi,41888,2017,32969
Lexus,36502,2016,30364
Audi,89837,2009,38117
Lexus,115701,2016,23321
Audi,65356,2009,33147
Lexus,89586,2009,25661
Lexus,28515,2008,41908
Audi,83228,2012,22639
Audi,87892,2006,32544
Lexus,58256,2008,14948
Audi,138941,2015,18084
Lexus,5888,2016,33975
Lexus,20152,2006,15301
Audi,129448,2012,47126
Lexus,94326,2008,16900
Audi,70595,2018,40288
Audi,133253,2007,49993
Lexus,24438,2005,40531
Audi,45027,2018,10394
Lexus,6950,2005,21522
Lexus,102068,2011,40410
Audi,45405,2018,12440
Audi,44027,2016,12407
Lexus,126407,2006,13996
Audi,80189,2022,10496
Audi,101094,2010,29104
Audi,39130,2005,43429
Lexus,14712,2021,12982
Audi,141862,2007,20333
Audi,52278,2008,23777
Lexus,135323,2018,13081
Audi,112208,2016,27481
Audi,142034,2016,10907
Audi,86619,2012,19162
Audi,97643,2009,16329
Audi,74336,2021,49887
Audi,128133,2013,32227
Audi,74473,2005,17018
Audi,145445,2007,45437
Audi,56534,2012,21468
Lexus,98863,2015,47558
Audi,35027,2023,23155
Lexus,94252,2021,38045
Audi,117766,2011,43400
Audi,66006,2021,14779
Lexus,104117,2014,30570
Audi,49137,2012,31232
Lexus,83404,2012,32497
Audi,94984,2022,48325
Audi,55871,2011,42639
Lexus,148591,2011,44869
Audi,86110,2019,44730
Lexus,78371,2011,32833
Lexus,74615,2016,25997
Audi,94703,2012,21575
Lexus,46611,2018,44161
Audi,21911,2005,42642
Audi,134026,2021,36579
Audi,35281,2007,26476
Audi,89226,2020,48805
Lexus,65577,2012,48060
Audi,47420,2019,45264
Audi,126261,2023,21204
Audi,70928,2017,19631
Lexus,29774,2021,33282
Audi,137891,2008,17147
Audi,28960,2006,48433
Audi,46488,2018,49343
Lexus,25750,2013,40232
Audi,40140,2014,20545
Lexus,88076,2005,38534
Audi,40290,2018,31428
Audi,137016,2006,22050
Lexus,23608,2022,32280
Audi,111163,2014,22457
Lexus,103532,2012,14507
Lexus,106013,2005,44718
Audi,93233,2007,10113
Audi,108057,2022,30723
Audi,26104,2012,42245
Lexus,148071,2020,28130
Audi,100658,2015,42822
Lexus,111937,2010,39154
Audi,147039,2019,15171
Lexus,136588,2019,31320
Audi,84932,2018,45376
Audi,18245,2023,25341
Audi,49220,2021,32276
Audi,77161,2019,40479
Lexus,125020,2019,23839
Lexus,68305,2006,13046
Audi,97202,2020,25799
Lexus,107098,2021,39002
Lexus,118352,2016,20737
Lexus,38315,2020,23106
Audi,34996,2021,46470
Audi,29311,2016,12386
Audi,14289,2006,36706
Lexus,94081,2023,48413
Lexus,118559,2008,33508
Lexus,91969,2014,27485
Lexus,133460,2012,15040
Audi,38932,2020,32926
Audi,103944,2015,33947
Audi,56613,2012,31430
Lexus,136093,2008,41194
Audi,46740,2015,44124
Audi,145192,2021,45037
Audi,137744,2012,49177
Lexus,120674,2023,25594
Lexus,87490,2023,29162
Lexus,117563,2006,30466
Audi,78968,2008,36975
Lexus,62111,2012,17313
Lexus,41756,2014,38703
Audi,24957,2014,16744
Lexus,48381,2005,26599
Lexus,48039,2016,40375
Audi,51527,2021,43294
Lexus,123605,2013,49265
Audi,58148,2013,43722
Lexus,127680,2016,15350
Lexus,71804,2013,27575
Lexus,84958,2016,25293
Lexus,77210,2017,45971
Audi,32278,2016,49895
Audi,88959,2011,17276
Audi,84018,2013,24860
Audi,99969,2022,43469
Audi,11445,2014,26412
Lexus,61910,2012,47287
Lexus,138927,2020,14377
Lexus,128843,2011,19825
Lexus,86260,2005,41093
Lexus,55925,2016,23613
Lexus,59734,2022,26941
Audi,89514,2008,19127
Audi,15063,2016,25388
Lexus,32240,2014,19954
Audi,51806,2005,17869
Lexus,14002,2005,10996
Lexus,84025,2008,49001
Lexus,42333,2010,47649
Lexus,5962,2006,34222
Lexus,28120,2006,49501
Lexus,55130,2023,13171
Lexus,80221,2016,34497
Audi,33640,2005,49952
Lexus,38171,2014,35726
Lexus,91493,2007,22360
Lexus,87892,2013,39542
Audi,102572,2011,48947
Audi,26569,2014,44998
Lexus,54929,2008,31602
Lexus,29119,2021,28423
Audi,73894,2008,12301
Lexus,81668,2008,43448
Lexus,55879,2023,38837
Audi,37837,2021,21048
Lexus,115179,2015,25414
Lexus,25030,2019,33318
Audi,112106,2020,14464
Lexus,11187,2017,34909
Audi,34038,2012,22383
Lexus,71439,2009,20168
Audi,90607,2019,46932
Lexus,62901,2012,13541
Audi,70951,2011,43331
Audi,19438,2007,42094
Audi,75139,2006,22154
Lexus,76144,2021,44002
Lexus,140642,2006,26529
Lexus,110073,2011,11937
Lexus,122579,2011,25366
Audi,104099,2011,29213
Lexus,94337,2019,12438
Lexus,69301,2006,14885
Lexus,64687,2007,37068
Lexus,83914,2008,42561
Lexus,111448,2005,39239
Audi,57192,2021,20384
Lexus,13303,2011,32335
Lexus,132199,2007,19193
Audi,48145,2012,26940
Audi,11728,2022,42079
Audi,112835,2007,32098
Audi,29918,2016,29355
Audi,11753,2015,16021
Lexus,67347,2022,30262
Audi,27895,2017,42085
Audi,113234,2013,26874
Audi,136377,2013,31870
Lexus,128577,2010,43933
Audi,76653,2013,13381
Audi,50232,2012,11043
Lexus,86702,2017,32462
Audi,109377,2011,27835
Audi,147382,2015,18281
Audi,138817,2018,10294
Audi,107990,2011,44175
Lexus,72937,2011,21362
Lexus,67990,2009,29627
Audi,121898,2017,27809
Lexus,116736,2013,17758
Lexus,23031,2021,31744
Audi,5659,2010,46934
Lexus,66714,2019,45257
Audi,114851,2014,28425
Lexus,139266,2020,32810
Audi,85514,2006,18292
Audi,46957,2011,39783
Audi,139264,2019,41272
Lexus,136336,2014,26295
Audi,81632,2019,10602
Audi,21028,2014,18697
Lexus,5975,2010,21396
Lexus,134896,2006,14049
Audi,109770,2016,29107
Lexus,105342,2011,20327
Lexus,73968,2016,46727
Audi,83287,2005,41493
Lexus,72742,2020,37024
Audi,52118,2005,34772
Lexus,44285,2015,12220
Lexus,124376,2008,39636
Audi,29760,2013,42667
Audi,132670,2005,46394
Audi,100319,2013,26922
Audi,54146,2021,32361
Audi,80161,2006,35580
Lexus,50957,2015,37007
Lexus,51135,2007,23614
Lexus,24994,2022,36985
Audi,102827,2020,38020
Audi,18567,2008,46972
Audi,97691,2020,32045
Lexus,89253,2012,31601
Audi,61680,2017,44676
Lexus,145148,2010,31544
Audi,107685,2009,27614
Lexus,65859,2013,31611
Lexus,98905,2013,12775
Audi,76041,2006,46162
Lexus,126508,2011,33779
Lexus,148469,2014,16736
Lexus,6420,2011,27637
Lexus,123353,2018,16848
Audi,118386,2009,48665
Audi,40523,2006,25156
Audi,123564,2015,28002
Audi,6745,2019,23650
Lexus,87631,2013,40901
Lexus,115672,2010,47779
Audi,82549,2008,38402
Audi,25704,2021,11244
Lexus,22965,2018,28244
Lexus,5680,2023,41006
Lexus,142736,2012,31301
Lexus,144593,2020,26878
Lexus,53983,2006,18338
Audi,127411,2011,21024
Lexus,107356,2012,39831
Audi,119374,2022,11337
Lexus,22044,2006,47655
Lexus,29106,2023,39358
Lexus,37150,2010,29926
Lexus,38838,2017,15665
Audi,104836,2008,47181
Lexus,137238,2012,42213
Lexus,21256,2012,41016
Audi,78530,2005,24764
Audi,134231,2017,28288
Lexus,29016,2009,37325
Audi,27642,2013,23628
Audi,37733,2022,41346
Lexus,142936,2022,18380
Audi,135254,2006,48937
Lexus,51086,2017,16866
Audi,123000,2009,14307
Lexus,143367,2005,40670
Audi,50704,2017,43257
Audi,35698,2020,36621
Audi,91649,2018,34739
Audi,99789,2008,43286
Audi,41262,2011,17092
Lexus,148365,2020,49551
Lexus,75539,2022,28163
Audi,137059,2017,32532
Lexus,141871,2013,35937
Lexus,107328,2009,31485
Lexus,73411,2005,37001
Audi,131616,2023,13539
Lexus,111017,2010,24579
Lexus,55001,2005,45764
Audi,92985,2016,12606
Lexus,89523,2013,41225
Lexus,76364,2011,29308
Lexus,67119,2017,46720
Lexus,80404,2011,41484
Lexus,118551,2005,47882
Lexus,135565,2014,40923
Lexus,108251,2018,37912
Audi,137290,2010,44438
Audi,27447,2012,23526
Audi,65639,2017,29816
Audi,43548,2007,27086
Lexus,15794,2021,30846
Audi,14560,2017,38205
Lexus,114813,2005,24052
Audi,34399,2021,34206
Lexus,12739,2005,34190
Lexus,79887,2008,44180
Audi,26215,2011,25373
Audi,58631,2021,24754
Lexus,66872,2021,25952
Lexus,93296,2016,41546
Lexus,86739,2011,11174
Lexus,52005,2006,11070
Lexus,39832,2013,39877
Audi,132943,2012,30807
Audi,117675,2017,41469
Lexus,144904,2021,49271
Audi,131663,2005,30475
Lexus,59886,2005,26124
Audi,135135,2018,47388
Audi,125355,2008,20025
Lexus,138327,2023,16752
Lexus,117254,2010,45631
Audi,13083,2014,16039
Lexus,79126,2008,17698
Lexus,140121,2015,49053
Lexus,97180,2012,36348
Lexus,133745,2008,48869
Audi,115430,2013,47939
Audi,9201,2015,23060
Lexus,75581,2020,32120
Lexus,14967,2017,39013
Lexus,54141,2016,41956
Audi,17045,2019,36523
Audi,13480,2018,41003
Lexus,77058,2011,20238
Audi,37596,2007,29103
Audi,131121,2018,13553
Lexus,134381,2022,18417
Lexus,59381,2011,24607
Audi,147422,2020,48886
Lexus,131216,2012,30916
Audi,65245,2022,18731
Audi,142818,2014,34110
Lexus,124028,2007,38090
Audi,32271,2008,20498
Audi,40849,2009,35593
Lexus,136585,2017,29481
Audi,139220,2014,20724
Audi,82341,2008,22194
Lexus,69266,2011,34092
Lexus,32763,2006,23320
Audi,9072,2008,38229
Audi,119165,2006,25607
Audi,57558,2009,12408
Lexus,112985,2010,43808
Audi,11332,2006,18082
Lexus,109785,2009,31045
Lexus,128689,2011,23901
Audi,135603,2014,46600
Lexus,52937,2006,45112
Lexus,9429,2020,27616
Lexus,142309,2011,36105
Lexus,24670,2023,46542
Lexus,74321,2010,32608
Lexus,86721,2017,10657
Audi,10940,2007,46152
Audi,97931,2014,35378
Lexus,47478,2020,12258
Lexus,97482,2011,37234
Audi,139493,2010,28228
Audi,113271,2017,33794
Audi,119475,2014,26718
Audi,126412,2012,17639
Lexus,123089,2005,49055
Lexus,126963,2010,42845
Lexus,21787,2005,29129
Lexus,6214,2018,48818
Audi,135260,2007,38612
Audi,145326,2020,13716
Audi,109486,2013,22936
Lexus,45725,2014,16048
Lexus,59680,2020,31033
Lexus,98822,2014,15753
Audi,51673,2016,36709
Audi,14762,2023,47985
Audi,121644,2023,34819
Lexus,36715,2019,37882
Lexus,41996,2020,46693
Lexus,101463,2017,17412
Audi,40919,2014,27000
Audi,72392,2007,49685
Audi,79294,2016,30294
Audi,140115,2017,48728
Audi,106620,2018,37645
Lexus,116018,2016,47676
Lexus,133317,2014,13924
Audi,50015,2007,47637
Lexus,60048,2005,19834
Audi,118761,2009,12211
Lexus,136644,2009,19316
Audi,10611,2013,10615
Lexus,116088,2020,15633
Audi,72937,2016,47928
Audi,148145,2020,13790
Lexus,102377,2013,17601
Audi,88722,2010,25492
Audi,93871,2007,19146
Audi,59313,2017,47609
Audi,66372,2020,36078
Audi,97125,2014,21055
Audi,64221,2017,46453
Audi,137255,2010,17604
Audi,51255,2018,39904
Lexus,75372,2013,13989
Lexus,98933,2012,38826
Lexus,96860,2017,15269
Lexus,18642,2021,35523
Lexus,131692,2017,44562
Lexus,27779,2016,42898
Lexus,33023,2007,11098
Audi,31184,2016,21049
Lexus,121754,2014,25723
Lexus,116350,2006,32251
Lexus,44300,2016,18678
Lexus,104605,2023,44071
Audi,61844,2006,48691
Audi,106637,2022,14132
Lexus,91325,2006,19537
Audi,36657,2023,49257
Lexus,22560,2005,25987
Lexus,69384,2022,22411
Audi,66428,2022,33116
Audi,104267,2023,31836
Audi,137019,2013,38384
Lexus,85547,2023,20871
Audi,10375,2006,32817
Lexus,10702,2008,17946
Lexus,22806,2009,14576
Audi,110401,2008,33056
Lexus,144843,2017,30793
Lexus,40662,2011,31775
Audi,17685,2012,25423
Audi,8932,2006,23744
Audi,93276,2008,39190
Audi,83424,2013,32312
Lexus,133006,2014,16541
Lexus,42050,2017,29104
Audi,126560,2023,16106
Audi,114709,2012,11756
Audi,92601,2011,31951
Lexus,44069,2023,22816
Audi,70438,2014,44758
Audi,14546,2019,28881
Lexus,113783,2008,33117
Lexus,80212,2016,35325
Lexus,137148,2005,14427
Audi,112659,2008,41788
Lexus,84481,2017,39200
Audi,56482,2019,33872
Audi,10380,2006,26460
Audi,90914,2019,22908
Audi,137077,2008,28627
Audi,18859,2019,36229
Lexus,7154,2020,33700
Audi,137471,2006,29595
Lexus,120569,2015,13523
Lexus,29761,2016,40237
Audi,91015,2016,42110
Lexus,137902,2009,32609
Audi,26236,2011,28644
Lexus,55033,2014,36702
Audi,129830,2005,33379
Lexus,99518,2012,20645
Lexus,133350,2021,17835
Audi,19909,2017,29663
Lexus,81946,2008,49887
Audi,48464,2013,10294
Lexus,75367,2013,25695
Audi,145098,2017,35947
Lexus,24364,2013,18655
Audi,23450,2008,19873
Lexus,141528,2016,13656
Audi,139312,2021,45385
Lexus,93523,2006,47410
Lexus,14575,2013,29303
Lexus,94178,2017,42554
Audi,136180,2013,21516
Lexus,135343,2014,15504
Lexus,96560,2007,13390
Audi,132373,2022,43680
Lexus,85566,2011,48228
Lexus,86765,2023,20731
Audi,110097,2014,47122
Lexus,148397,2018,10595
Lexus,125425,2017,30618
Lexus,32065,2011,10384
Lexus,85503,2022,12176
Lexus,5786,2010,40182
Audi,17835,2020,23677
Audi,51949,2018,19535
Audi,127909,2019,18518
Lexus,129196,2015,12965
Audi,138910,2009,28892
Audi,65416,2021,33487
Lexus,97434,2011,38426
Lexus,43954,2005,48474
Lexus,69810,2015,39865
Lexus,27843,2005,20788
Lexus,105778,2014,19246
Audi,124193,2018,14864
Lexus,137109,2012,32138
Audi,122981,2013,28530
Lexus,91517,2009,28122
Audi,13425,2009,12498
Audi,106320,2017,46104
Audi,38267,2019,16504
Audi,67745,2007,39746
Lexus,101282,2015,45327
Audi,12566,2013,13879
Audi,29895,2020,13272
Lexus,10922,2022,22884
Lexus,139699,2022,27841
Lexus,13910,2021,11261
Lexus,131133,2021,38959
Audi,73770,2007,15775
Audi,135819,2020,22546
Audi,87879,2006,39655
Audi,52815,2021,34359
Audi,53110,2011,24820
Lexus,149590,2008,24613
Audi,95454,2010,24091
Lexus,78350,2013,18518
Lexus,14506,2013,29331
Audi,149715,2013,17615
Audi,30063,2022,11443
Lexus,41591,2023,25530
Audi,125929,2020,48228
Audi,90412,2012,29440
Lexus,149959,2021,36218
Lexus,60005,2021,27194
Lexus,101259,2009,44257
Lexus,28087,2009,46510
Audi,49836,2023,22867
Audi,144776,2008,17631
Lexus,12938,2017,13765
Audi,5186,2009,26946
Lexus,70272,2005,24824
Lexus,110695,2011,40816
Audi,104327,2016,45004
Lexus,120402,2015,35334
Audi,75067,2006,30477
Lexus,66778,2016,47439
Lexus,74500,2023,46369
Lexus,112048,2021,34154
Audi,32696,2023,34786
Audi,71913,2015,36703
Audi,52479,2006,24549
Audi,21264,2012,20264
Lexus,91128,2014,23835
Audi,86384,2009,20022
Lexus,51436,2005,11955
Audi,148048,2022,40182
Lexus,52293,2021,49546
Audi,7039,2008,35769
Lexus,8704,2022,42609
Lexus,57543,2013,39866
Audi,129974,2009,40768
Lexus,75166,2008,37118
Audi,69754,2017,30200
Audi,136235,2015,31156
Lexus,89625,2007,13798
Lexus,20920,2010,13920
Lexus,148799,2007,31521
Lexus,114643,2006,31390
Audi,50187,2013,11503
Lexus,107000,2020,36140
Lexus,82512,2015,44549
Audi,54193,2005,22104
Lexus,28404,2006,28133
Lexus,92050,2006,28598
Audi,116754,2012,24569
Lexus,80957,2013,42675
Audi,46769,2023,46984
Audi,129360,2022,13651
Lexus,99501,2014,26758
Lexus,88140,2023,49513
Audi,124586,2015,16961
Audi,44946,2013,36916
Audi,13672,2005,49258
Lexus,131158,2020,39554
Lexus,16929,2009,44952
Lexus,22576,2013,14677
Lexus,15921,2005,44597
Audi,59536,2008,49939
Audi,149201,2008,11974
Audi,30142,2021,42677
Audi,70012,2021,41903
Lexus,46220,2020,32348
Audi,67597,2011,26248
Audi,76136,2009,26380
Audi,33907,2023,40831
Audi,35461,2011,33872
Audi,90489,2013,20196
Audi,68552,2011,49392
Audi,28321,2014,23094
Audi,145464,2020,19646
Audi,73726,2019,15313
Audi,43446,2013,29009
Audi,95518,2012,43926
Audi,57403,2005,15064
Lexus,38637,2020,17427
Audi,9548,2006,26433
Lexus,52092,2006,28054
Audi,75044,2015,26385
Lexus,77088,2018,35584
Audi,5438,2010,45288
Audi,90927,2016,16582
Lexus,102404,2010,17709
Audi,122640,2016,17853
Lexus,110992,2017,24242
Audi,54451,2005,49943
Audi,16003,2019,48535
Lexus,32246,2023,10594
Audi,39013,2014,12677
Lexus,100379,2018,48388
Audi,96552,2013,37863
Audi,118005,2008,41959
Lexus,124064,2023,33905
Lexus,116200,2016,40052
Audi,106440,2007,49374
Audi,88003,2009,28329
Audi,72379,2021,48325
Lexus,21004,2011,10850
Lexus,82001,2012,45480
Lexus,43541,2008,28071
Lexus,56926,2020,26801
Lexus,136726,2021,49876
Audi,13990,2011,22410
Lexus,100252,2022,48735
Lexus,75898,2012,43615
Lexus,102966,2014,48458
Audi,110623,2017,15928
Audi,144301,2010,13699
Audi,18268,2009,43602
Audi,27982,2010,42725
Lexus,87102,2010,36502
Audi,134507,2023,19578
Lexus,14403,2011,37973
Audi,54412,2005,27893
Audi,85191,2007,46395
Lexus,114945,2014,22088
Lexus,114963,2018,10970
Lexus,112978,2008,42342
Audi,129379,2020,14403
Audi,86177,2009,48752
Lexus,138305,2005,46832
Audi,61325,2008,44204
Lexus,137806,2019,23495
Lexus,94985,2023,46810
Audi,142142,2009,16977
Lexus,75433,2008,41603
Lexus,67753,2009,43058
Lexus,141886,2007,43022
Lexus,84003,2009,48443
Audi,115591,2020,29271
Lexus,35144,2016,14667
Lexus,68485,2021,47064
Audi,55368,2021,37471
Audi,123240,2006,28504
Lexus,55049,2022,22733
Audi,67321,2019,25438
Audi,18611,2005,36516
Audi,117610,2022,48659
Audi,44592,2011,35757
Lexus,42612,2011,39760
Lexus,72293,2017,22457
Lexus,74373,2011,47721
Audi,149533,2019,14978
Audi,111964,2018,49627
Audi,133247,2010,39314
Lexus,129480,2008,28368
Lexus,145925,2009,33734
Audi,79430,2017,34763
Lexus,93748,2005,12200
Audi,148999,2006,23913
Lexus,15218,2012,43888
Audi,48808,2007,34389
Audi,120956,2011,24209
Lexus,15088,2021,28333
Audi,40591,2022,47583
Lexus,130487,2012,29669
Audi,28155,2018,18862
Audi,138029,2016,29084
Lexus,12602,2008,17222
Lexus,113548,2012,23654
Audi,133211,2017,12551
Audi,82026,2006,37282
Lexus,135198,2015,28016
Audi,139031,2016,17630
Lexus,71599,2010,27420
Audi,115721,2006,17203
Lexus,50529,2019,43062
Audi,139260,2008,44810
Lexus,121859,2014,13171
Audi,37383,2010,31329
Audi,72522,2010,45979
Audi,44351,2011,33596
Lexus,53394,2014,14335
Audi,123724,2012,46803
Lexus,97264,2015,45799
Audi,80685,2005,40482
Lexus,22640,2005,35040
Lexus,145152,2013,41446
Lexus,109459,2010,42721
Audi,30585,2022,16472
Audi,12937,2017,25405
Lexus,106947,2020,23638
Audi,104482,2020,45479
Lexus,103104,2023,39495
Audi,117069,2019,13382
Audi,32844,2021,25571
Audi,98608,2023,38508
Lexus,85689,2008,22239
Lexus,115244,2013,48963
Lexus,10506,2023,20079
Audi,68358,2011,32377
Lexus,16181,2012,42484
Lexus,7217,2012,32899
Audi,128891,2022,13594
Lexus,147084,2013,41756
Lexus,148014,2005,31589
Lexus,133303,2016,10379
Lexus,85378,2018,20512
Lexus,59753,2008,13657
Audi,64031,2022,49188
Lexus,78574,2005,15335
Audi,134535,2008,16429
Audi,123451,2016,49052
Lexus,113982,2011,39312
Audi,94839,2015,11590
Audi,16862,2010,30470
Audi,121362,2007,29891
Audi,46880,2020,30103
Audi,67560,2013,43399
Lexus,31020,2020,12789
Audi,44009,2012,16275
Audi,131341,2006,33150
Lexus,137699,2020,30006
Lexus,49464,2011,33270
Lexus,116359,2019,13506
Audi,63717,2017,29311
Audi,124409,2006,37972
Audi,146403,2016,27552
Lexus,63683,2006,15243
Audi,61538,2007,26189
Lexus,64470,2005,13586
Audi,120671,2010,14927
Audi,98454,2008,24166
Lexus,22485,2013,31389
Audi,5096,2020,32844
Lexus,64325,2016,15373
Lexus,77735,2014,34872
Audi,52085,2010,43552
Audi,32118,2013,49933
Audi,24251,2022,18169
Audi,16525,2016,43833
Lexus,34727,2015,13832
Lexus,7584,2016,16006
Audi,104007,2012,32606
Audi,69353,2022,18066
Audi,67073,2012,42847
Audi,24982,2012,43875
Lexus,121428,2009,12215
Audi,26060,2022,23740
Lexus,113403,2015,16894
Lexus,30263,2012,41566
Lexus,106476,2010,32207
Lexus,75407,2021,15358
Audi,36091,2011,38403
Audi,134787,2021,16613
Lexus,31559,2013,28259
Lexus,6234,2016,37913
Audi,114914,2020,47309
Lexus,24831,2009,29720
Lexus,63282,2014,49814
Audi,86326,2020,28234
Lexus,134975,2020,15794
Audi,95422,2009,17351
Lexus,51672,2014,35894
Audi,144857,2021,44514
Audi,141128,2016,36796
Lexus,59930,2013,25198
Audi,70901,2007,32235
Audi,29198,2020,16624
Lexus,138213,2018,16199
Audi,11008,2008,16832
Audi,103664,2021,39082
Lexus,51455,2010,23919
Lexus,52777,2009,42119
Audi,125575,2009,26517
Audi,73602,2021,11294
Audi,63531,2023,20951
Lexus,68581,2023,30690
Lexus,55836,2008,23381
Audi,69526,2010,22423
Audi,65892,2021,24789
Audi,135684,2006,11556
Lexus,146630,2007,46430
Lexus,139651,2011,31840
Lexus,44260,2015,22787
Audi,55850,2019,48289
Audi,58448,2023,40863
Lexus,117449,2012,38993
Lexus,102389,2007,22246
Lexus,67202,2007,26383
Audi,133081,2023,20256
Lexus,18871,2009,25213
Lexus,20883,2018,43930
Lexus,38238,2010,19751
Lexus,115494,2018,38429
Lexus,130290,2007,37548
Audi,101236,2021,23691
Audi,68086,2020,39107
Audi,124902,2016,12674
Lexus,143882,2008,12757
Audi,109377,2023,49510
Audi,72525,2011,45297
Audi,121754,2023,41060
Lexus,47116,2007,31202
Audi,10114,2021,14423
Lexus,72643,2020,16705
Audi,138504,2015,49178
Lexus,143033,2006,28083
Audi,133178,2006,42865
Lexus,51677,2011,16615
Audi,16637,2010,31627
Audi,108060,2006,20337
Audi,21756,2022,17894
Audi,77836,2015,11912
Lexus,115763,2016,49277
Lexus,133014,2013,45566
Audi,12714,2006,28092
Lexus,135377,2022,26709
Lexus,8312,2007,30893
Lexus,86023,2009,16797
Audi,69644,2022,33234
Lexus,106381,2015,44340
Lexus,86690,2007,13439
Lexus,81664,2023,39853
Audi,136920,2009,41213
Lexus,77611,2023,11298
Lexus,71856,2017,40835
Lexus,80986,2014,29941
Audi,35214,2014,15488
Audi,149471,2005,18024
Audi,126568,2010,11674
Audi,19751,2007,29818
Audi,108427,2012,45458
Lexus,41583,2023,23360
Audi,89108,2017,42189
Lexus,72485,2014,27093
Lexus,68657,2007,43274
Audi,63291,2009,35795
Lexus,84663,2005,30110
Lexus,30651,2015,13112
Audi,63282,2009,14802
Audi,94757,2010,34241
Audi,59787,2019,38574
Audi,138565,2015,21088
Lexus,11626,2017,33354
Audi,99117,2007,43222
Audi,136364,2023,45776
Audi,94213,2011,14228
Lexus,128535,2013,45845
Audi,64455,2007,35433
Lexus,103611,2016,39858
Audi,50489,2010,31328
Lexus,147381,2012,40532
Audi,29058,2012,23251
Lexus,42794,2013,33304
Lexus,79865,2014,27933
Lexus,58729,2015,16957
Lexus,118162,2008,43886
Lexus,94914,2014,12215
Lexus,63051,2008,42285
Audi,77122,2007,35924
Audi,84501,2009,25216
Audi,64490,2010,39752
Audi,136986,2010,22113
Audi,97554,2022,25717
Audi,71306,2019,12256
Audi,85831,2006,30083
Lexus,106870,2007,22599
Audi,29119,2009,12138
Lexus,95874,2012,40714
Lexus,109968,2011,27456
Audi,105517,2008,45302
Lexus,120757,2020,46734
Lexus,63513,2022,31078
Audi,12569,2005,38752
Lexus,63466,2020,35160
Lexus,41651,2016,35915
Audi,79892,2015,30043
Lexus,140077,2011,38377
Lexus,5368,2007,14115
Audi,33549,2015,37255
Audi,38318,2020,28652
Audi,114214,2015,49397
Lexus,122256,2012,25501
Audi,93623,2008,25640
Lexus,110127,2009,22342
Audi,109613,2013,44634
Lexus,145048,2006,25744
Audi,44207,2023,20456
Audi,89100,2016,43801
Lexus,51092,2007,22626
Lexus,52301,2014,18213
Audi,5327,2008,15021
Lexus,139117,2007,35196
Lexus,15972,2010,29065
Lexus,105031,2022,37954
Audi,117165,2017,29574
Audi,59244,2008,17317
Lexus,97888,2015,24055
Audi,74416,2016,10983
Lexus,71401,2022,44344
Lexus,144864,2018,48256
Lexus,54978,2010,28733
Audi,146668,2012,18406
Lexus,126186,2017,43066
Lexus,89213,2008,32450
Lexus,91627,2005,43230
Lexus,38781,2012,16323
Lexus,6722,2010,46031
Lexus,38399,2009,24536
Audi,98642,2005,17157
Audi,99845,2006,49462
Lexus,59094,2018,13919
Audi,34751,2017,49050
Lexus,6182,2021,49687
Audi,98987,2011,35368
Audi,107598,2016,41445
Lexus,148746,2015,39297
Lexus,40210,2023,18239
Audi,67231,2010,47536
Lexus,108394,2007,24576
Lexus,28825,2014,48391
Lexus,61965,2015,15121
Lexus,37263,2017,12541
Lexus,70481,2008,37299
Lexus,128032,2018,27542
Lexus,104475,2010,18041
Lexus,91939,2018,23935
Lexus,64013,2014,47395
Audi,132089,2020,42923
Lexus,19595,2005,34912
Audi,77446,2017,38628
Lexus,103804,2007,48733
Lexus,116060,2011,19769
Lexus,107151,2014,17042
Lexus,78542,2013,38018
Lexus,43332,2023,29181
Audi,130719,2013,39240
Lexus,24850,2007,12300
Audi,43452,2021,39609
Lexus,149697,2005,37162
Audi,98425,2013,48913
Lexus,16636,2009,40719
Lexus,134619,2014,48893
Lexus,146258,2016,34728
Audi,116291,2005,38345
Audi,58888,2020,30712
Audi,127949,2008,11983
Audi,19424,2019,18367
Audi,78190,2007,35042
Lexus,92301,2006,35027
Audi,146568,2010,17983
Audi,66418,2019,14798
Lexus,48554,2020,11275
Lexus,101786,2012,18170
Lexus,90014,2016,11138
Audi,95656,2016,15465
Audi,42063,2012,42642
Audi,124885,2012,38782
Lexus,24044,2011,40488
Audi,85998,2012,43502
Lexus,144000,2023,29739
Audi,88132,2019,29110
Lexus,78082,2007,24140
Lexus,71937,2014,44698
Audi,112632,2009,44527
Lexus,48128,2010,17926
Lexus,146336,2012,44931
Lexus,47949,2015,44553
Audi,48743,2018,42764
Audi,32810,2021,21557
Lexus,135632,2020,46910
Audi,25080,2006,32208
Lexus,93276,2017,24520
Lexus,119747,2005,40200
Lexus,101355,2021,29386
Audi,76984,2005,42517
Lexus,55333,2019,44114
Audi,105080,2017,49890
Lexus,13796,2020,39478
Audi,39010,2019,25123
Audi,142004,2008,29794
Audi,111873,2010,27494
Lexus,130612,2022,22202
Lexus,7225,2022,22018
Lexus,34712,2011,41101
Audi,96787,2014,35138
Audi,43439,2015,46079
Lexus,79292,2005,30549
Lexus,8552,2020,26120
Lexus,19627,2008,11200
Lexus,59764,2016,29661
Lexus,26832,2009,33819
Lexus,139192,2012,25604
Audi,34501,2012,26824
Lexus,118701,2006,21263
Audi,95124,2014,47876
Audi,28623,2023,45876
Audi,85721,2017,28289
Lexus,119702,2010,45830
Lexus,133311,2020,39061
Lexus,132444,2018,11563
Audi,116478,2018,25798
Lexus,68263,2006,30680
Audi,17759,2015,26419
Lexus,147158,2011,38339
Audi,129511,2017,48019
Lexus,26032,2020,32983
Audi,15638,2023,38293
Audi,104148,2014,19297
Audi,39277,2021,37490
Lexus,141796,2017,48717
Audi,16632,2012,46283
Lexus,115439,2021,48512
Lexus,112397,2021,47879
Audi,42240,2015,12411
Lexus,97515,2023,18473
Audi,121422,2013,33845
Audi,72188,2018,29872
Audi,124453,2020,26228
Audi,132755,2014,32028
Audi,96562,2007,18591
Audi,116251,2021,43780
Lexus,19067,2016,26754
Lexus,21940,2017,33227
Audi,10591,2010,20042
Audi,38373,2019,39408
Audi,21609,2017,31809
Audi,46506,2010,16186
Audi,63032,2019,35411
Audi,135974,2006,48570
Audi,125834,2015,37654
Audi,99809,2021,41589
Lexus,20329,2007,48248
Audi,138309,2018,20190
Audi,5515,2019,20490
Lexus,148756,2017,11966
Lexus,104099,2015,34864
Lexus,87499,2023,48814
Lexus,46461,2014,36706
Lexus,144934,2022,38075
Audi,101333,2006,13552
Audi,112629,2018,38777
Audi,81435,2012,39601
Audi,19998,2016,42792
Audi,113627,2007,12160
Audi,73608,2019,42844
Audi,89677,2015,17180
Audi,138074,2020,40870
Audi,60698,2008,13096
Audi,18023,2020,32794
Audi,121216,2017,42464
Lexus,99490,2017,43832
Lexus,75880,2015,40207
Lexus,103101,2017,33509
Lexus,147960,2016,33652
Audi,35867,2005,43264
Audi,106031,2009,14852
Lexus,142426,2017,16396
Lexus,83736,2017,27932
Audi,15346,2007,28362
Lexus,82459,2015,12075
Audi,117224,2008,44571
Audi,124078,2020,47721
Lexus,68929,2012,16293
Audi,38842,2008,24651
Lexus,132352,2011,36854
Audi,12062,2021,42807
Audi,121387,2013,47826
Audi,130127,2015,20589
Audi,32580,2015,42042
Audi,98792,2021,23665
Audi,76761,2012,17361
Audi,146468,2014,33194
Audi,66133,2012,12662
Audi,112647,2014,16012
Audi,122833,2020,25875
Audi,34032,2007,43265
Audi,114824,2015,49094
Audi,147282,2022,18071
Audi,133067,2013,27195
Audi,143589,2006,25251
Lexus,101512,2017,23243
Lexus,36783,2017,34840
Audi,71148,2014,40251
Lexus,72147,2011,43309
Audi,49589,2021,32083
Lexus,35915,2018,40453
Audi,58190,2005,38144
Lexus,102684,2023,27575
Lexus,117784,2022,48833
Lexus,66046,2023,23019
Audi,107665,2015,31565
Audi,14844,2012,27858
Lexus,25418,2023,33598
Audi,8105,2017,24046
Audi,86562,2006,24406
Lexus,146183,2006,27210
Lexus,14846,2006,40057
Lexus,51602,2007,13180
Lexus,37813,2009,18093
Audi,111947,2007,24487
Audi,123619,2008,21094
Audi,60232,2009,38914
Lexus,10178,2017,19775
Audi,113311,2019,14811
Audi,38015,2013,47421
Audi,16189,2005,42747
Lexus,100116,2022,23756
Lexus,75013,2008,46625
Lexus,107046,2016,42631
Audi,60665,2016,43623
Lexus,24654,2008,12698
Audi,105414,2020,41973
Lexus,52559,2010,38201
Lexus,36570,2012,33042
Lexus,63630,2005,35088
Audi,87563,2016,26762
Audi,114366,2010,30334
Audi,122734,2011,41342
Lexus,90895,2009,18113
Lexus,36446,2018,23809
Lexus,92895,2009,31616
Audi,26625,2008,34394
Lexus,84139,2007,47565
Lexus,91828,2015,28130
Audi,127593,2012,42470
Audi,7261,2011,10249
Audi,141908,2006,24575
Lexus,49716,2023,47089
Audi,145195,2023,11173
Lexus,130050,2015,46789
Audi,148865,2013,21570
Audi,95291,2012,11617
Audi,98507,2005,28657
Audi,49340,2012,33177
Lexus,106736,2007,14269
Audi,95008,2014,15729
Audi,43244,2014,23171
Lexus,140279,2021,18366
Audi,6292,2012,11820
Audi,41427,2021,28961
Lexus,91733,2006,40978
Lexus,134256,2009,21530
Lexus,51137,2013,17179
Audi,28687,2016,22350
Audi,103034,2015,33237
Audi,9612,2019,43561
Lexus,20843,2020,30557
Audi,93227,2023,18867
Lexus,46087,2018,19007
Audi,37143,2016,49695
Audi,73945,2016,16556
Lexus,16206,2009,34536
Lexus,111030,2016,30645
Lexus,68552,2006,36265
Lexus,146783,2006,14465
Audi,107949,2020,31319
Lexus,10942,2011,35884
Lexus,105575,2009,46442
Lexus,21374,2017,33726
Lexus,27412,2011,13300
Lexus,123742,2012,10306
Audi,19007,2014,27528
Audi,50170,2007,45294
Audi,12558,2014,21585
Audi,6852,2016,10003
Lexus,41253,2011,44780
Lexus,143464,2014,20199
Audi,9335,2023,38822
Lexus,99201,2013,39555
Lexus,75885,2021,29632
Lexus,64920,2022,14376
Audi,82274,2020,31554
Lexus,107391,2012,24364
Audi,36514,2009,24636
Lexus,26515,2010,41970
Lexus,111443,2005,47700
Lexus,52211,2013,25398
Lexus,112071,2014,43866
Lexus,105015,2010,29537
Lexus,77960,2016,31180
Lexus,48542,2022,30082
Lexus,115129,2013,15074
Audi,20277,2014,17569
Lexus,109407,2016,39838
Audi,8564,2006,44883
Audi,73368,2014,32040
Lexus,10770,2009,23363
Lexus,5547,2022,38260
Audi,124851,2023,12166
Lexus,132131,2022,13195
Lexus,39732,2006,31056
Audi,19102,2010,12163
Audi,100549,2017,17390
Lexus,25876,2022,44551
Lexus,74286,2019,35381
Lexus,132941,2016,48688
Audi,48342,2005,39983
Audi,77135,2010,21884
Audi,109331,2017,45631
Audi,122917,2005,48967
Lexus,18330,2021,19229
Audi,31516,2009,47645
Lexus,125492,2020,16809
Lexus,34065,2012,42156
Audi,140062,2011,42652
Lexus,110582,2023,21963
Lexus,89988,2015,29655
Lexus,24301,2012,35293
Lexus,143414,2007,41908
Lexus,124891,2020,18937
Audi,11886,2013,39612
Lexus,49681,2012,42296
Lexus,115189,2008,14653
Audi,115813,2022,29279
Lexus,146311,2006,46445
Audi,136651,2008,46051
Audi,133573,2011,10704
Audi,22841,2015,33719
Audi,97673,2009,27229
Audi,87588,2005,17389
Audi,85236,2009,39414
Audi,33913,2005,28048
Lexus,73919,2012,29941
Audi,103568,2022,17750
Audi,70248,2017,24201
Audi,41708,2011,22316
Audi,23017,2015,27650
Audi,126033,2013,48426
Lexus,135646,2018,23711
Audi,7723,2008,26904
Lexus,147959,2022,15266
Audi,45304,2007,40769
Audi,57189,2006,37799
Lexus,28462,2009,24143
Audi,88205,2007,14206
Lexus,36539,2021,46818
Audi,34927,2018,10734
Lexus,114144,2010,22805
Audi,19432,2007,34618
Lexus,24662,2017,14074
Audi,83309,2008,42825
Lexus,130220,2006,13509
Lexus,124074,2014,28522
Lexus,115139,2009,18544
Lexus,48486,2023,47086
Audi,135686,2007,34759
Lexus,99080,2023,16814
Lexus,85297,2013,34470
Lexus,88233,2014,27258
Lexus,43225,2005,12382
Audi,78116,2008,34429
Audi,88082,2018,21464
Lexus,124113,2023,34590
Lexus,12454,2021,20287
Lexus,24148,2015,45840
Audi,76042,2020,33634
Lexus,50507,2005,41112
Lexus,126267,2018,31640
Lexus,145847,2018,41459
Audi,57358,2013,47055
Lexus,141866,2008,10193
Lexus,140882,2008,13787
Audi,25783,2011,26921
Audi,52298,2009,15142
Audi,6841,2020,41931
Lexus,125396,2010,17131
Lexus,86305,2023,41294
Lexus,141447,2011,13131
Lexus,142638,2015,37237
Audi,114910,2014,39415
Lexus,10437,2023,32813
Lexus,130660,2022,10278
Lexus,95885,2009,15257
Audi,49969,2010,13806
Audi,117248,2009,10559
Audi,47042,2010,19361
Lexus,62406,2013,19663
Lexus,78713,2013,11284
Lexus,115165,2020,49794
Lexus,120273,2010,11607
Lexus,72991,2018,26669
Lexus,103601,2012,48661
Audi,84140,2014,26076
Lexus,48309,2023,48302
Lexus,68744,2010,21564
Lexus,25543,2011,13324
Audi,45667,2010,41176
Audi,91503,2015,43346
Audi,121243,2010,22452
Lexus,29199,2018,23611
Lexus,148295,2006,47932
Audi,24412,2013,34776
Audi,143180,2009,10812
Audi,75336,2023,38763
Audi,51362,2018,20712
Audi,85372,2009,46714
Audi,30486,2016,45091
Lexus,68137,2019,23937
Lexus,122590,2021,24192
Audi,47940,2014,46762
Lexus,69115,2019,15514
Audi,115513,2019,23111
Lexus,90806,2005,35159
Audi,20389,2018,16569
Lexus,11798,2022,34938
Lexus,45827,2015,22212
Audi,58307,2015,32118
Audi,63471,2007,13046
Lexus,15432,2012,49719
Lexus,60004,2008,31855
Lexus,29916,2014,18797
Audi,100748,2008,39895
Lexus,42536,2007,21280
Lexus,149479,2005,22026
Lexus,15322,2005,47253
Lexus,17408,2018,19658
Audi,102349,2020,18069
Lexus,28610,2013,21525
Audi,94962,2018,12691
Audi,47156,2010,27737
Audi,43683,2005,16108
Audi,138886,2013,34766
Audi,70863,2020,49642
Audi,67975,2006,25444
Lexus,147074,2022,24776
Audi,102681,2011,47036
Audi,137176,2018,19972
Audi,45192,2009,25044
Audi,142361,2014,21848
Audi,64488,2014,12958
Audi,56104,2014,34465
Audi,108132,2014,12888
Lexus,66201,2021,22788
Audi,143266,2007,23511
Lexus,102400,2019,37070
Lexus,76016,2012,10529
Audi,58690,2018,19322
Lexus,39379,2016,31010
Audi,11986,2019,12543
Lexus,48017,2017,12303
Audi,77688,2011,49963
Audi,142052,2010,41587
Lexus,114960,2018,13209
Audi,16536,2013,49188
Audi,110621,2007,37346
Audi,48988,2013,12390
Audi,62468,2010,42328
Lexus,7953,2006,13783
Audi,92646,2011,15487
Lexus,139162,2012,29092
Lexus,68056,2020,39023
Lexus,92054,2023,31769
Audi,127969,2010,48136
Lexus,13102,2014,44564
Audi,74739,2006,15845
Lexus,130683,2008,47661
Lexus,84449,2016,26073
Lexus,25979,2005,45503
Lexus,109389,2023,39506
Audi,102074,2013,24482
Audi,133991,2008,10830
Audi,81245,2017,33634
Audi,74571,2018,46704
Lexus,124081,2015,14945
Lexus,103446,2013,49529
Lexus,60762,2022,17468
Lexus,130944,2012,44296
Lexus,87818,2009,20048
Audi,39236,2011,14559
Lexus,137936,2018,11528
Audi,80620,2018,48145
Audi,93100,2013,44340
Audi,59999,2009,49618
Lexus,87969,2012,45740
Audi,79198,2020,47578
Audi,103049,2018,28621
Audi,144854,2015,10932
Lexus,92470,2020,40472
Audi,59147,2016,43241
Lexus,104820,2020,20438
Lexus,144833,2007,29227
Lexus,67409,2008,25063
Lexus,39549,2014,47988
Audi,124826,2011,32336
Audi,52270,2023,13896
Audi,99495,2013,39860
Lexus,13227,2017,10454
Lexus,80439,2022,41191
Audi,123255,2020,33712
Audi,26409,2017,26903
Lexus,93915,2012,31483
Audi,134367,2014,27759
Lexus,26542,2010,22301
Lexus,8053,2022,35771
Lexus,40940,2012,44188
Audi,133658,2014,21932
Lexus,112631,2020,33123
Audi,85306,2008,23406
Lexus,67919,2013,35003
Lexus,122481,2013,10602
Lexus,17048,2020,21909
Lexus,36982,2021,33499
Audi,90768,2008,24945
Audi,48942,2021,15137
Audi,139731,2022,40054
Audi,112811,2019,38178
Lexus,54243,2022,10653
Audi,26040,2012,40664
Audi,6734,2009,48243
Audi,39233,2006,36229
Lexus,28876,2011,44100
Lexus,33396,2016,13440
Lexus,129101,2008,14967
Audi,8308,2016,41080
Lexus,61399,2005,40492
Audi,95636,2016,48217
Audi,42031,2020,33392
Audi,118541,2008,38186
Audi,100206,2015,20638
Lexus,116875,2014,27112
Audi,101869,2020,42646
Audi,10311,2016,11147
Audi,125427,2021,36611
Lexus,32736,2006,39286
Lexus,63447,2009,18303
Lexus,33396,2018,25539
Lexus,65017,2016,46746
Lexus,71641,2009,31025
Lexus,75283,2018,19177
Audi,25296,2021,25652
Lexus,128903,2018,31341
Lexus,71976,2017,19752
Lexus,135501,2006,13370
Audi,124818,2016,40531
Lexus,33851,2013,17420
Audi,9982,2008,22196
Lexus,7655,2005,42680
Audi,132519,2009,42402
Audi,121088,2012,13166
Audi,145666,2023,18364
Audi,113599,2021,18630
Lexus,39801,2022,23450
Lexus,31152,2016,46364
Audi,63556,2018,28461
Audi,86457,2010,48913
Lexus,130186,2018,28565
Lexus,91010,2013,16600
Lexus,69448,2005,24632
Lexus,123075,2020,39784
Audi,100614,2016,45498
Lexus,5847,2012,25465
Audi,93191,2022,21826
Audi,100866,2006,29764
Audi,66447,2018,44022
Lexus,105606,2009,35405
Lexus,83455,2013,37350
Lexus,100561,2005,46838
Lexus,130157,2018,11066
Lexus,123180,2011,42621
Audi,144179,2017,27334
Lexus,109253,2017,12444
Audi,72488,2008,20353
Lexus,135439,2006,24473
Lexus,22416,2019,42725
Audi,72990,2010,42577
Audi,110246,2010,23582
Lexus,106812,2008,46072
Audi,24917,2021,24889
Audi,53684,2010,18203
Lexus,38682,2015,26755
Audi,133577,2005,15474
Audi,132790,2009,14501
Audi,137845,2011,16090
Lexus,115664,2012,17181
Audi,23278,2021,21633
Lexus,128355,2022,32527
Lexus,93744,2012,44560
Lexus,101511,2013,25740
Lexus,133177,2009,34716
Lexus,147547,2017,43761
Audi,61448,2018,14307
Audi,7529,2010,46871
Lexus,95702,2009,44139
Lexus,100884,2017,24710
Lexus,143663,2023,37965
Lexus,46256,2023,11075
Lexus,114481,2009,41886
Audi,66892,2010,46998
Audi,111314,2018,26808
Audi,138249,2009,38963
Audi,105599,2009,13644
Lexus,124420,2022,45580
Audi,51121,2022,34825
Lexus,24667,2018,11867
Audi,17308,2014,38628
Lexus,94606,2010,44713
Audi,23418,2014,20039
Audi,58905,2021,35277
Lexus,109495,2010,28817
Audi,131614,2011,28319
Audi,20834,2007,46286
Lexus,113276,2012,31586
Audi,91435,2014,44846
Lexus,64063,2019,47067
Lexus,133323,2021,35975
Audi,101464,2022,44111
Lexus,128000,2011,43348
Audi,143056,2006,11892
Lexus,98990,2015,30089
Lexus,69753,2021,33878
Audi,92873,2015,12079
Audi,75068,2021,49190
Lexus,128393,2008,31181
Audi,20406,2015,23781
Lexus,41337,2011,27851
Lexus,27425,2022,38245
Lexus,129496,2010,44915
Audi,69632,2018,29328
Lexus,36210,2008,20182
Audi,114294,2005,39024
Lexus,92018,2006,39546
Audi,9466,2014,41263
Lexus,39824,2018,48538
Audi,98684,2022,47701
Lexus,95551,2018,11005
Audi,92378,2013,24536
Lexus,91945,2018,49350
Audi,77546,2017,39872
Lexus,16843,2006,14157
Lexus,30399,2005,34963
Lexus,140784,2022,48787
Lexus,21730,2008,22549
Lexus,58668,2022,14610
Audi,28233,2006,23232
Lexus,46293,2016,22308
Lexus,58169,2016,49672
Lexus,101599,2022,24756
Lexus,63061,2022,24027
Lexus,38858,2022,20584
Audi,126859,2010,49465
Lexus,129315,2009,11382
Lexus,131647,2018,20002
Lexus,115809,2010,23641
Audi,42326,2019,10761
Audi,145382,2023,35631
Audi,80158,2015,41330
Lexus,36908,2014,40566
Audi,42508,2017,17744
Lexus,27391,2013,35204
Audi,106433,2015,14320
Lexus,149681,2006,26832
Lexus,12323,2015,16697
Audi,22478,2012,23459
Audi,80872,2015,43431
Lexus,79018,2011,37613
Audi,53740,2016,14090
Audi,10853,2008,33141
Lexus,47273,2008,47991
Audi,132920,2012,17371
Lexus,28627,2008,31562
Audi,93195,2008,43959
Lexus,143143,2015,22429
Audi,68326,2020,18325
Audi,146667,2020,15289
Audi,35949,2017,22400
Lexus,50159,2014,45936
Lexus,123325,2014,40417
Lexus,124691,2013,40000
Lexus,66418,2016,45834
Lexus,132017,2013,39369
Audi,148636,2012,25253
Audi,30033,2015,26182
Audi,15538,2023,38721
Lexus,67821,2021,31395
Lexus,76253,2009,26333
Audi,113985,2015,36671
Audi,78449,2013,14423
Lexus,138138,2021,23119
Audi,19148,2005,37858
Lexus,91582,2005,38101
Audi,45948,2021,27390
Audi,63827,2019,12085
Lexus,24266,2022,22299
Audi,109719,2015,13691
Audi,20162,2012,44428
Lexus,71603,2005,37291
Audi,38007,2008,29387
Lexus,44531,2008,30592
Lexus,146166,2012,21569
Audi,139373,2023,42874
Lexus,69727,2017,27406
Audi,85057,2009,27845
Audi,121835,2006,29687
Audi,137578,2016,13817
Lexus,137580,2007,41662
Lexus,109305,2016,23837
Audi,51740,2015,33793
Audi,109020,2006,44855
Lexus,56659,2013,32570
Lexus,81834,2018,18175
Lexus,65695,2017,18691
Audi,63305,2015,45256
Audi,97622,2006,40099
Lexus,15725,2008,41412
Lexus,64451,2017,11418
Lexus,8549,2018,37807
Lexus,57561,2006,17337
Lexus,45735,2008,32432
Lexus,44705,2014,41949
Lexus,114573,2012,26603
Audi,6990,2018,28184
Lexus,129666,2022,34962
Audi,120020,2018,17352
Audi,34121,2017,33744
Lexus,31381,2019,20373
Lexus,19927,2017,15897
Lexus,24998,2015,41102
Lexus,142766,2007,13633
Audi,61987,2021,36799
Lexus,110804,2005,14117
Lexus,69350,2017,33001
Lexus,130674,2018,28467
Lexus,140662,2012,19636
Lexus,139715,2005,25532
Lexus,66913,2008,30570
Lexus,137581,2022,12965
Audi,124937,2021,48380
Audi,133856,2015,14625
Audi,51917,2011,43683
Audi,13668,2013,21154
Lexus,33116,2013,12344
Lexus,67042,2005,45970
Audi,113898,2018,44075
Lexus,77017,2016,23521
Audi,122298,2007,19504
Audi,26155,2006,25581
Lexus,16034,2011,43204
Audi,77566,2013,28251
Audi,70416,2017,43590
Audi,39368,2010,25235
Lexus,70228,2005,18547
Lexus,81709,2009,45317
Lexus,36517,2021,24803
Audi,95552,2013,12303
Audi,54129,2015,41141
Audi,87565,2008,10601
Lexus,131858,2011,30425
Audi,71362,2006,32007
Audi,130891,2011,27801
Audi,58856,2021,40286
Audi,96962,2011,48389
Audi,20169,2010,48787
Lexus,25126,2019,32702
Audi,107992,2023,39086
Lexus,127497,2006,14303
Audi,88745,2005,45148
Audi,79111,2012,48574
Lexus,102474,2008,13216
Audi,25809,2008,44114
Lexus,41230,2020,33014
Audi,90871,2007,24270
Audi,40107,2019,18191
Lexus,107516,2021,20722
Lexus,86543,2019,49242
Lexus,48936,2011,13292
Lexus,75749,2007,10705
Audi,95648,2017,30557
Lexus,140892,2015,22547
Lexus,123000,2005,27675
Lexus,100253,2007,34703
Lexus,65084,2015,31888
Lexus,80892,2015,19121
Lexus,140476,2005,11105
Audi,35503,2006,38630
Lexus,96160,2009,25210
Audi,149635,2018,29731
Lexus,138073,2005,16539
Audi,144703,2015,39832
Lexus,28194,2017,15769
Audi,110487,2018,11046
Audi,143343,2006,35129
Lexus,131398,2015,25579
Lexus,64740,2017,26094
Lexus,113106,2011,28852
Audi,21894,2023,19553
Lexus,79094,2010,47634
Audi,29820,2010,29788
Audi,149616,2018,43641
Lexus,144343,2021,15946
Audi,6937,2008,26555
Audi,12764,2012,41184
Audi,120539,2022,13457
Audi,22570,2013,34979
Lexus,114945,2023,34433
Lexus,10863,2009,31379
Audi,44391,2018,14038
Audi,94462,2012,30223
Lexus,84248,2013,49930
Audi,46386,2012,42400
Audi,147614,2017,17656
Lexus,105931,2014,29708
Audi,137391,2018,20282
Audi,84286,2012,22297
Audi,116821,2017,26937
Audi,98231,2007,30027
Lexus,88575,2008,38981
Audi,116538,2012,49464
Audi,121832,2011,44230
Audi,7315,2010,29376
Lexus,135699,2015,43071
Lexus,123564,2020,23631
Lexus,146247,2010,20167
Audi,135677,2017,27724
Lexus,105910,2005,25111
Lexus,68625,2016,12217
Audi,95899,2012,36282
Lexus,66382,2014,37044
Lexus,39414,2018,29936
Lexus,72169,2010,28309
Lexus,52740,2016,38943
Lexus,34045,2010,42070
Audi,132459,2022,26676
Lexus,140702,2022,48264
Audi,94659,2007,29984
Lexus,89142,2018,15107
Lexus,59363,2018,49165
Lexus,72867,2009,43269
Audi,107890,2021,49669
Lexus,31746,2005,35550
Lexus,28554,2011,14040
Audi,30895,2015,16061
Lexus,63256,2022,27685
Lexus,60599,2009,17402
Lexus,65454,2015,34995
Lexus,119224,2010,28491
Lexus,57099,2017,43854
Audi,79522,2007,21455
Lexus,39405,2020,15329
Audi,48641,2015,20376
Lexus,63670,2017,10203
Lexus,120529,2012,45330
Audi,146943,2018,42588
Audi,12749,2009,44649
Lexus,73523,2007,19329
Audi,50611,2010,35094
Audi,30591,2020,16288
Lexus,118333,2010,32140
Lexus,16080,2011,39449
Audi,119954,2013,10137
Audi,123947,2022,41665
Lexus,134006,2011,20021
Audi,56276,2019,38292
Lexus,68642,2013,42321
Audi,83737,2018,15292
Audi,132779,2005,28617
Lexus,43792,2023,44738
Audi,76352,2011,49599
Audi,18119,2023,24764
Audi,9015,2017,23981
Audi,141525,2013,34062
Audi,33923,2021,20829
Lexus,55603,2019,37165
Audi,121764,2017,44364
Audi,122704,2018,28634
Lexus,77226,2020,45120
Audi,47227,2011,37453
Audi,21236,2016,45863
Audi,79950,2019,26414
Audi,108045,2006,40402
Lexus,27800,2023,35580
Lexus,34860,2015,19534
Audi,71222,2006,34639
Audi,44291,2006,33095
Audi,58250,2005,46004
Lexus,77092,2012,18653
Audi,12080,2014,34161
Lexus,134384,2011,22319
Lexus,17109,2019,13916
Lexus,76220,2009,42813
Audi,46250,2021,46530
Audi,17072,2012,25079
Lexus,133894,2016,30373
Lexus,37866,2016,47594
Lexus,99672,2015,42574
Lexus,69622,2015,48547
Audi,54310,2021,19159
Audi,102144,2020,33609
Lexus,96617,2014,28568
Lexus,110078,2015,49792
Audi,7874,2022,43788
Audi,7842,2009,21476
Lexus,39808,2022,32592
Lexus,105090,2022,19719
Audi,144683,2020,42224
Lexus,33036,2017,35286
Audi,54522,2011,15142
Lexus,60015,2022,13233
Lexus,119176,2010,11508
Lexus,20409,2009,12243
Audi,115884,2010,40820
Audi,139071,2022,32309
Audi,147916,2019,34837
Audi,64778,2013,37782
Lexus,33232,2013,34432
Lexus,83956,2009,33058
Lexus,59156,2020,46927
Audi,88553,2022,22501
Audi,105298,2019,46475
Audi,143448,2007,44085
Audi,83414,2013,22021
Lexus,39048,2016,34893
Lexus,43092,2016,47036
Lexus,27361,2021,38218
Audi,61039,2020,26130
Lexus,116468,2014,36497
Lexus,93650,2006,13668
Audi,118996,2014,48513
Lexus,14194,2008,33840
Lexus,86232,2007,45828
Audi,118288,2006,20399
Lexus,22472,2011,32956
Audi,135220,2023,21649
Audi,41376,2020,32729
Audi,94353,2018,27537
Lexus,74735,2008,48692
Audi,40313,2014,40522
Audi,99719,2008,10897
Audi,80865,2013,21855
Audi,11444,2007,25426
Audi,77462,2018,31992
Audi,135434,2010,42965
Lexus,20387,2009,45593
Audi,126522,2014,21936
Lexus,66358,2022,49194
Lexus,121414,2016,19404
Audi,26978,2010,40314
Lexus,16496,2022,15092
Lexus,69748,2007,28180
Lexus,75894,2022,45107
Audi,6874,2009,41811
Lexus,48300,2013,24647
Lexus,114306,2018,29614
Lexus,9199,2015,41412
Audi,93569,2013,34275
Lexus,135229,2014,11012
Audi,126032,2006,30953
Lexus,142248,2008,10115
Audi,42583,2010,37214
Lexus,41141,2017,31470
Audi,122535,2021,41131
Audi,81103,2014,27851
Lexus,27823,2010,36454
Lexus,145994,2023,12008
Lexus,149463,2023,12600
Audi,40527,2011,11984
Audi,24410,2013,15591
Audi,64916,2016,23990
Audi,81491,2017,35692
Audi,103530,2020,44578
Lexus,5691,2020,47101
Lexus,20888,2007,46766
Lexus,149599,2016,16308
Lexus,50063,2006,30447
Lexus,19189,2017,19956
Lexus,43414,2010,10181
Audi,119675,2018,39926
Audi,135675,2017,29270
Audi,32742,2008,33455
Audi,12898,2013,39052
Audi,20848,2022,18702
Audi,109588,2005,47838
Lexus,41393,2018,29378
Lexus,47524,2016,31389
Lexus,43970,2015,15694
Audi,24570,2018,16774
Lexus,60351,2014,49414
Audi,87332,2022,18183
Lexus,66205,2019,40634
Audi,71009,2013,32636
Lexus,60679,2014,42522
Lexus,142834,2012,49760
Audi,65704,2014,47183
Audi,143103,2015,15919
Lexus,5131,2014,15580
Audi,137652,2022,42992
Audi,74784,2007,34802
Audi,54329,2015,12404
Audi,103178,2005,43811
Audi,12829,2006,46305
Audi,66788,2011,40352
Audi,88735,2005,16364
Lexus,57915,2017,34492
Audi,75353,2020,23742
Audi,40045,2019,48692
Audi,53887,2021,20887
Lexus,51508,2009,38260
Audi,13869,2023,13632
Audi,99389,2018,16310
Lexus,82873,2008,47621
Audi,11673,2018,15855
Lexus,45230,2016,45526
Lexus,30876,2015,37460
Audi,92926,2018,22014
Lexus,62657,2015,35399
Lexus,143563,2014,23843
Lexus,125788,2007,10805
Audi,82534,2016,34058
Lexus,68258,2020,11948
Lexus,82615,2019,18695
Lexus,125647,2008,12346
Audi,132206,2020,23580
Audi,83214,2009,12529
Lexus,149142,2011,15392
Lexus,86291,2015,48450
Audi,80237,2008,28794
Audi,119409,2021,15938
Audi,120684,2007,11268
Audi,99841,2008,13921
Lexus,75703,2011,41009
Lexus,102460,2006,27255
Audi,5897,2012,38921
Lexus,78439,2006,37247
Lexus,11453,2019,15457
Audi,21878,2016,38477
Lexus,105226,2022,18123
Lexus,71736,2011,39520
Lexus,138536,2008,40046
Lexus,23640,2014,30917
Lexus,111961,2010,13175
Lexus,8876,2017,25433
Audi,37462,2008,17282
Lexus,106154,2022,13132
Audi,67363,2017,47174
Audi,31689,2014,40605
Lexus,121343,2015,20859
Lexus,89139,2014,27795
Lexus,9856,2010,18804
Audi,143140,2019,31541
Lexus,21222,2007,12125
Audi,12264,2021,30807
Audi,54039,2017,36112
Audi,36710,2014,13291
Audi,141261,2021,21833
Audi,98557,2023,41670
Lexus,11861,2020,37459
Audi,62346,2010,33018
Audi,115102,2010,29402
Lexus,81714,2017,18702
Lexus,56613,2007,21422
Audi,14009,2014,10385
Lexus,5877,2021,46300
Audi,149597,2009,10831
Lexus,90775,2022,11383
Audi,121164,2008,17765
Lexus,65790,2011,34750
Audi,38885,2011,25665
Lexus,37983,2014,38128
Audi,108344,2021,27086
Lexus,27599,2022,29228
Audi,45778,2022,29758
Lexus,82019,2010,33243
Audi,54440,2017,13881
Lexus,10314,2009,32704
Lexus,78887,2013,15385
Audi,112851,2020,17481
Audi,103154,2023,25046
Audi,27310,2016,47925
Lexus,77434,2020,47179
Audi,145553,2011,43836
Audi,43680,2020,33831
Lexus,123537,2022,13943
Lexus,142935,2016,43808
Audi,17523,2015,32934
Audi,28710,2022,21150
Lexus,128625,2016,18665
Audi,72765,2011,10413
Lexus,6600,2005,44800
Audi,107193,2018,12836
Audi,126209,2014,18447
Lexus,134274,2014,27373
Lexus,48772,2016,23126
Audi,12816,2019,16163
Lexus,11260,2022,18172
Lexus,37433,2012,16764
Lexus,129741,2017,14298
Audi,33230,2013,48707
Audi,99025,2007,21764
Lexus,45066,2020,49781
Audi,11368,2007,41017
Lexus,64397,2016,27913
Lexus,68854,2021,13954
Lexus,77971,2007,31418
Lexus,56191,2023,46439
Lexus,20876,2011,10196
Lexus,55783,2011,21524
Audi,103135,2023,10797
Audi,46672,2017,16149
Lexus,15256,2017,11616
Lexus,45163,2020,44867
Audi,30347,2014,13140
Audi,128455,2017,45109
Lexus,28042,2008,24324
Audi,20310,2013,22568
Audi,107156,2022,22788
Audi,106070,2016,16704
Audi,37889,2014,27567
Audi,39553,2006,36305
Lexus,100110,2022,31620
Audi,28528,2009,43672
Lexus,86346,2005,43023
Lexus,132745,2021,37198
Audi,118833,2007,33858
Lexus,36318,2011,22911
Lexus,63256,2017,24925
Lexus,21310,2005,23645
Audi,69691,2018,22506
Audi,19674,2018,22760
Audi,91967,2019,29983
Lexus,64200,2008,16872
Lexus,93079,2022,47585
Audi,148261,2012,26161
Lexus,71895,2021,29130
Lexus,83420,2009,39568
Audi,122874,2007,19753
Audi,55126,2021,12658
Lexus,90714,2009,19876
Audi,100930,2006,37221
Audi,54309,2009,48743
Audi,50178,2018,39743
Lexus,13593,2005,12775
Lexus,49941,2020,32967
Audi,114644,2020,14391
Lexus,147133,2007,17293
Audi,126556,2011,18919
Audi,78936,2015,30838
Lexus,142484,2023,42509
Audi,29026,2014,29555
Audi,64329,2014,31789
Lexus,49688,2012,37139
Audi,149130,2017,24551
Lexus,141892,2007,29461
Lexus,10837,2012,31382
Lexus,58101,2011,35509
Audi,42937,2023,14802
Audi,110130,2009,49532
Lexus,56161,2020,11320
Lexus,139492,2011,10800
Lexus,62957,2013,11532
Lexus,28336,2015,18048
Audi,67566,2016,43566
Audi,17672,2005,21073
Audi,25842,2013,33444
Audi,135867,2013,47543
Lexus,16708,2009,44646
Lexus,66519,2013,24456
Lexus,69082,2022,21131
Lexus,101808,2018,14639
Lexus,65578,2012,36302
Audi,79689,2016,48745
Audi,9086,2010,38714
Audi,143250,2023,18814
Lexus,108508,2017,40389
Lexus,30532,2006,36777
Lexus,88571,2020,42294
Audi,52004,2005,22079
Lexus,141869,2019,47886
Audi,69251,2018,29431
Lexus,149579,2012,20659
Lexus,142463,2006,22487
Lexus,138215,2006,20347
Lexus,124681,2020,20663
Lexus,115785,2014,11080
Audi,38231,2006,43849
Lexus,58540,2007,33849
Lexus,28445,2006,13299
Lexus,37940,2022,29683
Lexus,149843,2012,10261
Lexus,92041,2008,43684
Audi,96202,2020,25370
Lexus,7347,2008,42284
Audi,23189,2011,39459
Lexus,49688,2015,49593
Lexus,99232,2017,45631
Audi,26846,2014,16636
Audi,97130,2021,40311
Audi,56788,2008,25472
Audi,48656,2009,41459
Lexus,108234,2015,36055
Lexus,119898,2007,36680
Audi,66781,2007,47189
Audi,9277,2014,25432
Lexus,50182,2006,47857
Audi,109185,2012,19799
Lexus,123298,2023,21737
Audi,79823,2007,22715
Audi,84167,2013,20554
Lexus,120191,2020,11758
Lexus,75956,2011,10569
Lexus,145033,2014,11567
Audi,63975,2019,43050
Audi,12961,2010,11121
Lexus,5922,2015,17733
Lexus,106247,2007,32216
Audi,58102,2007,30991
Audi,16611,2012,44046
Lexus,26852,2013,30609
Lexus,52335,2017,42450
Lexus,31820,2018,35244
Lexus,7011,2006,22013
Audi,138696,2005,48148
Lexus,140973,2009,37354
Lexus,117380,2008,10000
Audi,29396,2019,35948
Audi,15977,2016,13225
Lexus,46269,2016,31490
Audi,139692,2009,30476
Lexus,9463,2012,22571
Audi,73210,2014,16894
Audi,123755,2016,11842
Audi,11008,2013,24429
Lexus,52375,2005,45478
Lexus,49166,2005,13246
Audi,50546,2008,25188
Audi,81234,2021,15124
Audi,23319,2023,28751
Audi,88759,2012,39862
Audi,103564,2009,41196
Lexus,99737,2013,45482
Lexus,85959,2019,47701
Lexus,41748,2017,10153
Audi,129551,2015,41701
Audi,67256,2009,19118
Lexus,58490,2014,25266
Lexus,40251,2006,44113
Lexus,70462,2013,44539
Audi,79086,2010,44642
Audi,13177,2008,20179
Lexus,146074,2012,48752
Lexus,16622,2017,42286
Lexus,145257,2014,45923
Audi,45123,2005,26106
Audi,14441,2009,20276
Audi,47437,2012,32784
Audi,100167,2010,43508
Lexus,98677,2007,14904
Audi,145102,2005,15611
Audi,59199,2016,18844
Audi,16638,2017,41756
Lexus,5015,2009,28035
Lexus,49587,2022,37934
Lexus,94230,2019,35497
Lexus,138487,2008,37426
Lexus,21357,2013,36199
Audi,93006,2010,27584
Lexus,22683,2010,31695
Lexus,74680,2009,15733
Audi,5591,2023,43314
Lexus,42778,2021,49658
Lexus,107306,2015,22046
Lexus,9610,2007,39418
Audi,36373,2018,40339
Audi,147092,2006,15123
Audi,84282,2022,23177
Lexus,103888,2008,32291
Audi,81077,2016,43573
Lexus,8088,2016,32321
Lexus,81050,2007,30312
Audi,19767,2005,29629
Lexus,98409,2019,12308
Lexus,44022,2018,19737
Audi,135787,2012,13896
Lexus,53702,2021,15518
Lexus,108482,2011,32851
Audi,115735,2016,21799
Lexus,146740,2012,24688
Lexus,144372,2008,15085
Audi,96674,2014,43639
Audi,80690,2010,15693
Lexus,128831,2018,34848
Audi,127146,2010,26018
Audi,116045,2008,23037
Lexus,122696,2019,44142
Lexus,89486,2018,28013
Audi,16708,2018,21342
Lexus,139621,2023,39077
Audi,129006,2013,12574
Audi,105237,2011,42018
Lexus,49896,2015,38861
Lexus,87931,2018,15742
Audi,125013,2007,20853
Lexus,147862,2015,26388
Audi,13920,2021,45083
Audi,71068,2017,33696
Lexus,104513,2011,25501
Audi,9281,2013,26390
Audi,6171,2017,11015
Audi,11888,2007,25984
Lexus,52526,2008,40478
Lexus,68954,2014,30289
Audi,61944,2007,29611
Lexus,97785,2006,36155
Lexus,110910,2017,12731
Audi,123617,2021,24009
Audi,120604,2010,25371
Audi,139342,2011,36854
Audi,41008,2005,36563
Lexus,50450,2017,39113
Audi,11778,2011,26492
Lexus,37627,2008,44568
Lexus,78175,2013,17433
Lexus,107765,2019,48950
Lexus,69508,2017,46554
Lexus,59715,2011,14337
Lexus,144617,2007,43894
Audi,40858,2019,12861
Lexus,81273,2011,16687
Lexus,84957,2009,49180
Lexus,94275,2006,45960
Lexus,29021,2023,20443
Audi,77636,2018,16869
Lexus,10409,2014,27129
Lexus,118027,2009,19360
Audi,9114,2010,34345
Lexus,66947,2016,45867
Audi,89176,2006,48098
Lexus,88265,2020,11169
Lexus,106055,2023,44660
Audi,86198,2012,15837
Lexus,35167,2017,45158
Audi,48479,2013,39757
Audi,54934,2020,29568
Audi,145057,2015,39402
Audi,131395,2007,46549
Audi,77065,2011,25961
Lexus,31924,2015,17167
Audi,46259,2009,48964
Audi,123698,2008,11398
Audi,106400,2009,34551
Lexus,73145,2023,42738
Lexus,44736,2007,35698
Audi,96345,2011,42366
Audi,117229,2016,11238
Audi,35519,2007,19451
Audi,51293,2019,19429
Lexus,17960,2017,12090
Audi,68903,2016,11859
Lexus,59251,2015,29855
Audi,81099,2005,48977
Audi,33632,2006,28363
Audi,70026,2009,11085
Audi,63887,2012,38003
Lexus,95003,2005,25790
Lexus,125319,2016,22628
Lexus,109967,2020,40697
Audi,59972,2019,36349
Audi,89030,2016,36588
Lexus,31253,2017,44615
Audi,107289,2014,22554
Lexus,122793,2006,23194
Audi,9430,2014,42235
Audi,119337,2013,30677
Audi,51997,2007,31194
Lexus,25877,2009,15808
Audi,147268,2021,23210
Audi,67717,2016,29732
Lexus,142760,2019,22321
Lexus,78523,2009,23724
Audi,73330,2006,20330
Audi,53686,2017,24179
Audi,112207,2018,40199
Audi,100809,2009,25261
Lexus,117387,2017,37337
Lexus,134678,2022,26483
Lexus,75129,2009,13088
Audi,76248,2017,21821
Audi,113682,2007,34908
Audi,62634,2023,30479
Lexus,11170,2014,28480
Audi,106223,2021,39324
Audi,32170,2008,24221
Audi,46391,2022,39315
Lexus,11477,2009,11909
Lexus,78028,2017,16699
Audi,55977,2022,19880
Audi,38959,2022,44875
Lexus,67829,2007,38558
Lexus,111549,2014,14698
Audi,117609,2006,14895
Audi,147191,2014,17801
Audi,135372,2013,37669
Lexus,5679,2013,10636
Lexus,34717,2009,38541
Lexus,133773,2015,12973
Audi,78962,2013,46321
Audi,106827,2006,18359
Lexus,34785,2010,27641
Lexus,136267,2006,16730
Lexus,149973,2006,19560
Audi,135293,2006,17114
Audi,21434,2014,47900
Audi,116740,2006,46474
Lexus,5011,2013,26685
Audi,108443,2009,20180
Lexus,7328,2014,48720
Audi,52328,2021,19675
Lexus,28762,2016,18367
Audi,85134,2005,44333
Lexus,109735,2021,13109
Lexus,139822,2023,40279
Lexus,116055,2009,21282
Audi,144945,2020,14091
Lexus,132329,2012,18406
Lexus,37658,2010,14743
Audi,39540,2017,43815
Lexus,56451,2022,34957
Audi,19217,2018,18526
Lexus,32177,2015,47020
Audi,86070,2016,49836
Audi,109857,2014,34905
Lexus,124594,2017,39510
Audi,37748,2007,18748
Lexus,119352,2016,45179
Lexus,13467,2011,34083
Lexus,46474,2021,45731
Audi,98275,2013,29981
Lexus,110074,2018,17176
Audi,115220,2011,16151
Lexus,27039,2014,47164
Audi,125509,2008,41023
Lexus,121948,2015,42026
Lexus,105179,2013,37764
Lexus,91877,2007,27104
Lexus,144370,2015,28725
Audi,93325,2018,49716
Audi,105523,2017,24281
Audi,110869,2018,26359
Audi,16926,2021,41512
Lexus,44923,2008,35397
Audi,8981,2008,47486
Audi,17015,2021,26688
Audi,84606,2023,44169
Audi,53351,2013,13753
Audi,80831,2014,19912
Audi,133891,2023,41808
Audi,10442,2016,23974
Lexus,28649,2020,45527
Lexus,114317,2005,49480
Lexus,19942,2014,19707
Audi,15932,2017,44299
Lexus,135165,2006,11523
Audi,132828,2015,42797
Lexus,43587,2021,10510
Lexus,31512,2019,43932
Audi,144063,2014,11231
Audi,79491,2018,23000
Audi,132511,2015,23102
Audi,126149,2011,12791
Audi,69496,2020,11433
Audi,101986,2010,20523
Lexus,101403,2012,20093
Audi,74460,2013,35143
Lexus,43166,2014,33113
Audi,134676,2020,41295
Lexus,107440,2014,37191
Lexus,118033,2023,20478
Lexus,100751,2005,30371
Audi,102483,2023,42889
Audi,94569,2023,37003
Audi,120738,2014,36766
Lexus,95182,2013,19623
Audi,39134,2022,30447
Lexus,22462,2016,44973
Lexus,109165,2005,49611
Audi,26761,2016,23702
Lexus,32982,2008,27993
Lexus,64566,2020,14232
Lexus,98071,2021,23763
Lexus,142783,2020,37470
Audi,32251,2020,42015
Lexus,137938,2007,47638
Audi,62714,2012,14331
Lexus,19444,2005,48787
Lexus,88669,2010,16071
Lexus,37437,2014,24189
Lexus,82049,2010,35174
Lexus,6797,2007,38652
Lexus,19409,2012,40429
Audi,28863,2014,16781
Lexus,82215,2022,38572
Audi,51770,2023,25362
Audi,124992,2014,28497
Audi,19732,2022,32864
Audi,33461,2008,38965
Audi,136363,2012,17766
Audi,33092,2006,38145
Lexus,67174,2012,25864
Lexus,23395,2015,27045
Audi,63682,2008,49650
Lexus,51458,2016,19413
Audi,34686,2005,22861
Lexus,112917,2015,31308
Lexus,137786,2013,20903
Lexus,131524,2018,46341
Audi,132909,2009,26203
Lexus,125572,2007,18609
Audi,95095,2017,14055
Audi,145354,2014,46263
Audi,142976,2009,25334
Lexus,83605,2013,41586
Audi,99183,2010,10025
Audi,141454,2010,36884
Audi,15949,2023,41492
Audi,57731,2017,31269
Audi,100907,2010,34252
Lexus,46502,2023,33778
Audi,13671,2005,38135
Lexus,143060,2013,38834
Lexus,67445,2022,20460
Audi,118317,2006,45644
Audi,7180,2020,34215
Audi,25014,2021,28881
Audi,127616,2012,38400
Audi,134872,2018,25819
Lexus,139300,2006,19824
Audi,131674,2023,41004
Lexus,59663,2015,47385
Lexus,134092,2022,28226
Lexus,124979,2007,17839
Lexus,17314,2010,49079
Lexus,130899,2011,33059
Audi,45516,2008,43570
Lexus,53310,2014,28787
Lexus,54185,2022,12339
Lexus,97524,2012,48989
Audi,66709,2010,42234
Lexus,85063,2006,31240
Audi,132025,2007,44204
Audi,95983,2006,30503
Lexus,87153,2018,24959
Audi,67672,2012,43247
Audi,76920,2008,15746
Audi,22039,2006,25511
Lexus,64958,2006,43424
Lexus,99955,2008,33730
Lexus,68451,2016,20820
Lexus,91405,2019,30420
Audi,126017,2021,26045
Audi,128137,2018,41775
Lexus,19729,2005,45140
Audi,143005,2018,16891
Audi,60459,2017,11981
Audi,31135,2006,15906
Audi,88607,2010,10671
Audi,24185,2022,31617
Audi,72763,2017,15109
Audi,70937,2010,18206
Audi,26193,2016,11115
Lexus,91411,2012,32870
Lexus,13615,2008,37597
Lexus,56595,2008,18617
Audi,68951,2007,30905
Audi,101275,2013,39266
Audi,5202,2015,47713
Audi,132800,2013,28047
Lexus,66604,2012,31184
Audi,132035,2008,39572
Audi,141765,2014,43891
Lexus,36623,2010,40544
Audi,75436,2005,13854
Audi,138636,2023,23439
Audi,109735,2009,44940
Lexus,63246,2014,48705
Audi,49596,2009,41010
Audi,117295,2011,25356
Audi,140147,2013,32213
Audi,85085,2021,34318
Audi,54817,2020,33225
Audi,56992,2009,29848
Audi,20801,2015,22663
Lexus,35093,2020,27259
Audi,22684,2008,45716
Audi,18988,2023,27404
Lexus,47878,2021,49169
Lexus,84001,2008,35756
Lexus,30980,2012,17185
Audi,90031,2005,18754
Audi,111641,2012,28009
Lexus,46504,2007,11734
Lexus,96352,2011,41101
Audi,50519,2016,41951
Lexus,42372,2017,29149
Audi,21105,2019,29163
Lexus,45850,2010,37260
Audi,113928,2009,31694
Audi,8952,2017,34446
Audi,94191,2005,32875
Lexus,62961,2019,37279
Lexus,41719,2009,28552
Lexus,44487,2014,27531
Lexus,132282,2010,16571
Lexus,145127,2010,38703
Lexus,106142,2005,23481
Lexus,57422,2023,34352
Audi,60991,2018,35560
Audi,53971,2018,42484
Audi,12054,2020,11783
Audi,110814,2012,35677
Audi,26213,2023,25183
Audi,75725,2021,24535
Audi,59142,2006,15986
Lexus,46463,2009,23947
Lexus,109639,2021,36872
Lexus,81596,2012,39445
Audi,60726,2022,12983
Audi,112007,2023,36826
Lexus,31876,2022,37263
Audi,47351,2015,43173
Lexus,143823,2010,15684
Lexus,50883,2005,27344
Lexus,33508,2005,11690
Lexus,53777,2010,18733
Lexus,135052,2022,31405
Lexus,57510,2012,18576
Lexus,36050,2018,37410
Audi,14190,2010,34734
Audi,29961,2010,40491
Lexus,61858,2013,47640
Audi,22680,2018,19375
Lexus,35049,2016,20639
Lexus,56488,2016,19928
Lexus,35671,2007,47332
Lexus,79242,2019,21248
Audi,93837,2005,26867
Audi,85503,2013,30019
Audi,111207,2014,37571
Audi,44217,2007,13628
Lexus,65418,2010,45640
Lexus,70916,2011,31965
Audi,40578,2015,27341
Audi,145792,2017,44001
Audi,105080,2018,17386
Audi,125376,2012,49130
Audi,143346,2009,30599
Lexus,9024,2007,44895
Audi,75007,2006,33499
Audi,102729,2020,26458
Audi,124031,2013,13384
Audi,94942,2016,34572
Lexus,77868,2014,44475
Audi,82812,2005,29649
Audi,60425,2017,49684
Audi,13115,2010,27723
Audi,95594,2012,36474
Audi,112359,2018,33744
Audi,77686,2005,17078
Lexus,15982,2021,16399
Audi,10922,2021,33165
Lexus,11113,2013,26168
Audi,56002,2012,24954
Lexus,74282,2010,42107
Lexus,12576,2011,22710
Lexus,147115,2022,35267
Audi,15287,2008,10607
Lexus,139426,2012,17728
Audi,84879,2020,34446
Audi,114156,2017,43973
Lexus,91265,2021,13727
Audi,127873,2010,25590
Audi,92162,2015,16523
Audi,42498,2012,34804
Lexus,20596,2009,27576
Audi,17916,2011,32106
Lexus,14528,2006,22788
Lexus,63891,2009,37423
Audi,33951,2018,28541
Audi,89599,2005,43353
Lexus,31990,2009,36901
Audi,37437,2010,16532
Lexus,19595,2015,31548
Audi,95059,2007,38669
Lexus,99205,2009,31412
Lexus,120699,2014,38608
Audi,67152,2011,32398
Audi,9383,2018,27557
Lexus,14711,2019,35353
Lexus,96857,2013,39430
Lexus,49155,2010,45596
Audi,148700,2012,12006
Audi,115156,2022,27094
Audi,80668,2021,12743
Audi,50780,2017,29162
Audi,69406,2012,35116
Audi,120200,2017,49080
Audi,77158,2009,33753
Lexus,54983,2016,38794
Lexus,12688,2017,27436
Lexus,116416,2012,16960
Audi,7017,2006,38167
Lexus,113317,2022,22807
Lexus,104760,2016,19501
Lexus,26779,2011,23593
Audi,56664,2021,22562
Lexus,138857,2019,14386
Audi,92390,2013,22548
Audi,27995,2023,49147
Lexus,53692,2009,49068
Lexus,96781,2018,45411
Audi,17433,2020,32596
Lexus,10952,2016,36801
Audi,8214,2009,47572
Audi,71006,2018,40092
Lexus,101429,2008,42254
Audi,12308,2006,13310
Audi,15879,2019,48884
Lexus,43915,2009,43823
Audi,53537,2010,30030
Audi,146006,2012,22326
Lexus,98527,2018,29557
Audi,148113,2022,32274
Audi,29470,2009,32026
Lexus,37744,2005,41081
Lexus,49147,2014,28086
Audi,48592,2022,42120
Lexus,139021,2013,25687
Lexus,140849,2021,38875
Audi,111979,2010,21837
Audi,110757,2019,24848
Audi,65076,2008,11804
Lexus,103061,2019,44451
Lexus,46212,2020,31364
Audi,131624,2010,19448
Lexus,47747,2012,45729
Audi,40334,2007,23644
Audi,70546,2021,38598
Lexus,86715,2017,10226
Audi,148779,2021,32583
Audi,118278,2011,10455
Audi,54333,2009,42959
Lexus,67617,2019,43297
Lexus,87703,2009,20988
Audi,118514,2023,47140
Lexus,145547,2006,20847
Lexus,15125,2014,22965
Lexus,48116,2020,29784
Audi,48650,2019,24780
Lexus,29485,2008,31380
Lexus,12019,2015,42064
Lexus,58561,2013,18158
Lexus,24731,2021,34470
Audi,24194,2017,13734
Audi,40421,2015,45324
Audi,15662,2019,16346
Audi,143981,2006,20356
Lexus,25675,2016,23568
Audi,130489,2016,40352
Audi,90860,2016,13743
Audi,63098,2014,40179
Audi,146085,2010,24936
Audi,118337,2005,13278
Lexus,130666,2013,16833
Audi,111133,2016,32417
Audi,57508,2008,22646
Lexus,89665,2006,44607
Audi,136744,2014,34175
Audi,69912,2021,24616
Lexus,30270,2023,14622
Lexus,88735,2012,11394
Audi,53049,2006,36682
Lexus,60611,2021,23218
Lexus,74554,2022,20583
Lexus,137462,2009,27949
Lexus,26194,2010,31245
Audi,119586,2023,42442
Lexus,43192,2021,48696
Lexus,54329,2020,43242
Audi,149122,2012,39272
Lexus,145931,2015,30934
Audi,47406,2010,11532
Lexus,110748,2020,25360
Lexus,140098,2012,22396
Audi,135567,2010,23304
Audi,9595,2011,33349
Audi,65327,2019,33725
Lexus,108915,2005,34244
Lexus,91741,2021,16651
Lexus,58785,2020,36269
Audi,92956,2009,33187
Audi,43013,2007,27910
Audi,67634,2020,49954
Audi,92552,2012,34024
Audi,78312,2017,43584
Audi,52679,2015,18241
Lexus,56792,2008,17718
Lexus,53708,2013,15103
Audi,73341,2015,25024
Lexus,128580,2023,37948
Lexus,75295,2012,29124
Audi,45396,2023,30648
Audi,141261,2017,36217
Lexus,126999,2011,27565
Lexus,74082,2007,40182
Audi,110136,2017,23425
Lexus,56061,2008,47303
Audi,135514,2021,49217
Lexus,11825,2019,47658
Audi,141487,2013,32341
Lexus,72531,2015,21384
Audi,26816,2015,44095
Audi,60320,2015,28622
Lexus,42759,2019,48986
Audi,27678,2016,17049
Audi,70175,2022,30302
Lexus,15207,2014,19524
Lexus,16025,2006,45165
Audi,128180,2014,27651
Lexus,89550,2011,28780
Audi,47083,2006,46002
Audi,59264,2023,43468
Audi,90827,2012,10680
Audi,110347,2009,26142
Audi,122213,2006,23675
Audi,105412,2012,40776
Lexus,125110,2010,46265
Lexus,61871,2005,26477
Lexus,68432,2007,33534
Lexus,137510,2009,38759
Audi,14310,2016,18275
Audi,27357,2015,21096
Audi,44809,2020,44747
Audi,131023,2021,24994
Lexus,52759,2012,38006
Audi,10335,2006,40870
Audi,98514,2012,39728
Audi,30930,2011,34456
Audi,132196,2019,27599
Audi,138259,2013,12062
Lexus,117468,2017,47385
Audi,9479,2009,19862
Audi,41794,2014,42794
Audi,149517,2011,11629
Lexus,145419,2020,16356
Lexus,6183,2005,47854
Audi,13393,2017,45932
Audi,104176,2009,14974
Audi,77177,2012,30160
Lexus,135507,2014,36465
Audi,102156,2023,24243
Lexus,124005,2007,42596
Audi,54830,2006,48242
Lexus,54270,2010,31741
Audi,129884,2005,15707
Lexus,52698,2021,49574
Lexus,135058,2023,48257
Audi,111572,2009,30108
Audi,102093,2021,19774
Audi,78539,2022,14167
Lexus,63688,2015,19401
Audi,26155,2008,10859
Lexus,130281,2018,22439
Audi,91631,2017,33720
Audi,116102,2017,34977
Audi,27125,2007,22091
Audi,148934,2022,33311
Audi,42709,2006,43066
Audi,97662,2017,23191
Audi,98141,2017,39736
Audi,77299,2019,48143
Audi,12418,2013,14523
Lexus,56600,2017,16720
Audi,67304,2018,43698
Lexus,76309,2012,16420
Audi,15038,2012,14677
Lexus,30195,2012,42837
Audi,142375,2014,29856
Audi,93249,2015,28134
Audi,70507,2008,35222
Audi,124128,2013,11414
Lexus,73770,2011,11439
Audi,18486,2021,21319
Lexus,54426,2018,20096
Audi,22449,2023,48191
Lexus,130919,2006,44737
Audi,131745,2012,38849
Lexus,74365,2010,18352
Lexus,123916,2011,40436
Lexus,132758,2016,37751
Lexus,49693,2017,36625
Audi,30991,2011,37729
Audi,51974,2022,26424
Audi,12491,2017,40183
Lexus,133151,2021,36635
Audi,7414,2020,26305
Audi,48547,2006,36368
Lexus,110419,2018,46187
Lexus,59014,2009,33757
Lexus,147375,2017,39773
Audi,98473,2012,27990
Audi,94380,2011,42618
Lexus,54771,2019,16979
Audi,22494,2013,40901
Lexus,15521,2008,36981
Audi,124446,2022,31191
Lexus,140543,2009,43303
Lexus,24803,2017,28955
Lexus,95945,2020,18943
Audi,146517,2005,30268
Lexus,15598,2015,41086
Lexus,57833,2006,37729
Lexus,98507,2019,18663
Lexus,45537,2010,17710
Lexus,80851,2023,41738
Lexus,30083,2020,13660
Lexus,103402,2005,30148
Audi,57562,2010,48682
Lexus,133607,2008,36957
Lexus,77631,2019,47181
Lexus,68535,2011,49875
Lexus,74207,2023,26946
Audi,50852,2019,33784
Audi,107740,2023,23899
Audi,61080,2012,49703
Lexus,83175,2010,31701
Lexus,109543,2011,21004
Audi,92283,2006,15934
Audi,26562,2014,25728
Lexus,82282,2014,16208
Lexus,59905,2012,41166
Lexus,61917,2013,43167
Audi,29337,2013,31775
Audi,112249,2011,32376
Audi,98730,2019,18292
Audi,7745,2006,23486
Audi,40080,2021,12099
Lexus,28023,2021,20202
Audi,15986,2007,29658
Lexus,17769,2007,43860
Audi,13633,2009,29078
Audi,119223,2016,34249
Audi,84822,2020,14235
Audi,144349,2017,27677
Audi,141032,2005,32609
Audi,45260,2018,37625
Audi,141891,2013,34206
Lexus,43582,2022,10408
Audi,35649,2016,15356
Lexus,54508,2009,44161
Audi,126792,2011,37398
Audi,117439,2010,27160
Audi,131220,2022,27635
Audi,32353,2023,47400
Audi,35322,2020,48378
Audi,49207,2010,19736
Audi,55288,2018,26545
Lexus,144302,2022,25416
Audi,95644,2017,37894
Lexus,74085,2007,20191
Audi,95047,2009,31095
Lexus,64528,2015,17412
Lexus,12468,2008,25914
Audi,58557,2009,33379
Audi,117068,2006,25910
Audi,104829,2020,19172
Audi,113191,2016,38985
Audi,43341,2005,11189
Lexus,81106,2011,43250
Audi,137844,2016,18341
Audi,51686,2007,15649
Audi,49272,2018,11044
Lexus,142317,2017,16001
Lexus,94895,2021,37370
Lexus,67118,2007,47853
Audi,66096,2017,34034
Audi,29265,2010,28576
Audi,80304,2010,45488
Audi,73348,2011,22249
Lexus,69916,2019,34251
Audi,77456,2012,12769
Audi,30403,2008,21176
Audi,24734,2013,15523
Audi,138981,2009,41861
Audi,27220,2019,34621
Audi,71908,2009,44619
Audi,17657,2023,16209
Lexus,100034,2016,36117
Audi,37755,2015,41248
Audi,128045,2015,48268
Lexus,148947,2012,41937
Lexus,89063,2013,40682
Audi,73263,2017,32722
Lexus,56292,2016,42056
Lexus,99714,2017,45892
Audi,57008,2007,20142
Lexus,76214,2016,41618
Audi,107617,2023,34522
Lexus,113603,2010,13178
Lexus,109946,2015,48699
Lexus,147697,2009,34263
Lexus,81484,2015,48144
Lexus,94146,2018,29349
Lexus,144781,2014,35094
Lexus,5260,2014,33314
Lexus,108397,2018,47701
Audi,23080,2008,15991
Audi,46509,2005,32328
Audi,49821,2022,40958
Audi,14059,2012,40142
Audi,125546,2006,20771
Audi,148085,2006,34166
Lexus,79332,2010,25491
Lexus,65392,2019,30218
Lexus,109974,2023,48058
Lexus,83228,2021,31493
Audi,136762,2010,15506
Audi,146787,2016,34504
Audi,126403,2008,25717
Audi,96172,2012,28280
Audi,149934,2021,25715
Lexus,109486,2016,23776
Audi,42618,2011,41976
Audi,88882,2018,31468
Lexus,94068,2009,29522
Lexus,19294,2005,48963
Audi,94730,2020,25127
Audi,119747,2020,12756
Lexus,15956,2007,46781
Lexus,92587,2014,34802
Audi,56514,2006,36419
Lexus,66116,2005,42519
Audi,64241,2023,21554
Lexus,117276,2021,15828
Audi,36402,2013,40804
Lexus,11716,2011,36957
Audi,16584,2007,39169
Lexus,139282,2019,30834
Audi,85304,2005,20703
Audi,84286,2020,15184
Audi,129218,2012,39588
Lexus,101856,2008,11802
Lexus,122455,2016,11757
Lexus,123855,2005,43319
Lexus,8672,2020,28824
Lexus,55903,2009,36083
Lexus,52480,2010,43889
Audi,55081,2020,31316
Audi,93099,2009,26787
Lexus,140967,2005,37572
Lexus,10188,2021,43783
Lexus,90077,2020,18308
Audi,115573,2017,19854
Audi,110686,2005,42246
Audi,39854,2023,27427
Lexus,61690,2009,39229
Lexus,35893,2018,35850
Lexus,84241,2008,39251
Lexus,19196,2009,11418
Audi,141831,2011,42376
Audi,26531,2020,16709
Lexus,79106,2018,18913
Lexus,56002,2014,21175
Lexus,144925,2011,20323
Audi,36399,2008,37074
Lexus,96986,2005,10724
Audi,60997,2015,36727
Audi,9886,2019,26485
Audi,135036,2009,27630
Lexus,8790,2017,30758
Lexus,130341,2022,46305
Audi,110158,2016,33178
Audi,35719,2017,21486
Lexus,117890,2018,24617
Lexus,74180,2018,42920
Lexus,91028,2005,49729
Lexus,122787,2015,22927
Audi,139067,2008,40535
Lexus,145011,2008,27484
Lexus,62044,2006,14037
Lexus,41466,2005,46231
Audi,111934,2020,46887
Lexus,141599,2023,31657
Audi,38310,2009,19342
Audi,144127,2007,32104
Lexus,103825,2013,20394
Lexus,21277,2014,37567
Lexus,126382,2019,30005
Lexus,8593,2008,22389
Audi,94454,2015,22154
Audi,109626,2023,15389
Audi,48486,2005,38237
Audi,14851,2019,43642
Audi,58548,2008,16874
Lexus,15741,2008,16214
Lexus,51286,2012,15208
Audi,68574,2008,49911
Audi,66745,2010,48617
Audi,35800,2016,15473
Lexus,29207,2022,29799
Lexus,36769,2017,22785
Audi,99812,2012,48893
Lexus,37675,2019,21501
Lexus,49243,2010,44922
Lexus,63039,2020,44539
Audi,53504,2019,17598
Lexus,7562,2017,42620
Lexus,97881,2014,32164
Lexus,100090,2022,37810
Lexus,13356,2009,35782
Audi,46900,2022,22797
Audi,106059,2016,39121
Audi,29745,2020,43601
Lexus,34064,2005,27850
Audi,142219,2009,33895
Lexus,143673,2014,23221
Lexus,100168,2007,23658
Audi,86180,2022,28351
Lexus,53454,2016,47136
Audi,126837,2023,20456
Lexus,46403,2011,20082
Audi,39201,2005,16691
Lexus,74888,2012,21553
Audi,107294,2009,35680
Audi,71474,2012,44264
Lexus,42514,2021,40590
Lexus,98629,2014,36915
Audi,6695,2022,46434
Audi,61951,2007,18800
Lexus,68870,2016,44334
Lexus,101320,2023,26821
Audi,109091,2013,21190
Lexus,24064,2022,23031
Lexus,5534,2011,26069
Audi,102107,2020,47341
Audi,105785,2007,20782
Lexus,145574,2008,25725
Lexus,107525,2012,45216
Audi,93496,2011,17869
Lexus,144523,2022,32506
Audi,14857,2022,34644
Lexus,11667,2018,25069
Lexus,135477,2022,12175
Lexus,50506,2017,30056
Lexus,37161,2008,27444
Lexus,21954,2005,34636
Lexus,86706,2012,25845
Audi,38827,2019,28665
Audi,102374,2012,12409
Audi,56524,2022,30119
Lexus,33159,2007,35088
Audi,61041,2008,41554
Lexus,124188,2011,24483
Audi,92964,2017,18861
Lexus,29313,2010,11470
Lexus,125450,2018,15897
Lexus,77143,2013,14301
Audi,69187,2021,25060
Lexus,90580,2006,44341
Audi,99174,2008,29801
Lexus,51071,2016,22684
Audi,7784,2016,25767
Lexus,130787,2023,10819
Lexus,26536,2019,11722
Audi,87903,2016,44395
Lexus,104786,2017,18844
Lexus,32126,2017,19827
Lexus,73328,2005,17433
Audi,39304,2023,17849
Audi,10135,2010,29517
Audi,111789,2006,12621
Audi,132715,2011,25113
Lexus,31831,2010,29488
Lexus,134887,2009,12745
Audi,45039,2011,45427
Lexus,88407,2019,33005
Audi,144605,2007,38634
Lexus,104519,2009,14088
Lexus,41158,2017,28026
Audi,139952,2017,28427
Lexus,41402,2020,33947
Lexus,7867,2014,46084
Lexus,26206,2012,36343
Lexus,98316,2006,44844
Lexus,81740,2007,19113
Lexus,25318,2009,12571
Lexus,137388,2016,37574
Audi,86989,2011,11117
Lexus,42932,2013,24461
Audi,10793,2022,47596
Audi,149058,2023,29550
Audi,71465,2023,26556
Audi,79802,2023,49304
Audi,82879,2009,16162
Audi,29429,2014,31381
Audi,63683,2017,29220
Lexus,92886,2016,29917
Audi,13165,2023,48241
Lexus,16068,2013,15520
Lexus,10710,2009,30776
Lexus,121420,2020,40025
Lexus,117370,2014,48208
Audi,39595,2014,29504
Lexus,24422,2017,13774
Audi,80209,2015,23693
Lexus,114052,2014,15179
Audi,49588,2016,33338
Audi,105982,2022,39532
Audi,148319,2022,44253
Audi,76472,2009,12730
Lexus,85625,2023,27566
Audi,40513,2020,26506
Audi,63452,2014,30788
Audi,50159,2015,45771
Lexus,7274,2016,25418
Audi,135427,2012,21395
Lexus,106935,2009,45498
Lexus,11636,2017,29217
Lexus,43087,2010,12517
Audi,31007,2015,21873
Lexus,119403,2011,10831
Lexus,60009,2023,44208
Audi,133363,2010,15280
Audi,129457,2007,23165
Audi,139202,2010,21354
Audi,41138,2018,47697
Audi,44908,2020,49589
Audi,35223,2013,48468
Lexus,138330,2008,49363
Audi,26150,2019,23954
Lexus,103371,2017,29484
Lexus,101115,2011,12607
Lexus,134709,2017,40533
Audi,134558,2016,19847
Lexus,8444,2012,17458
Lexus,95098,2017,40729
Audi,25613,2017,37138
Audi,76535,2023,10378
Audi,137343,2007,26342
Lexus,10349,2022,17140
Lexus,64774,2014,44090
Lexus,55768,2006,41035
Audi,146309,2009,26267
Audi,16456,2006,41457
Audi,81511,2013,25029
Audi,12407,2023,32935
Audi,100918,2017,41282
Lexus,105401,2019,29699
Audi,132587,2014,45704
Audi,109697,2009,26631
Lexus,85512,2015,22025
Lexus,84312,2009,23353
Lexus,53145,2013,16572
Lexus,17245,2007,37474
Lexus,136381,2005,41244
Audi,23700,2019,36652
Lexus,51881,2007,39743
Lexus,125495,2020,29183
Audi,42604,2017,35823
Audi,129411,2012,45451
Lexus,83261,2022,46862
Audi,120925,2020,33251
Audi,47034,2020,37024
Lexus,44530,2019,25682
Audi,101803,2021,45430
Lexus,23919,2019,24340
Lexus,40514,2005,42051
Audi,48744,2014,13383
Lexus,46874,2011,18532
Audi,58127,2009,35090
Lexus,64648,2021,32036
Lexus,143120,2012,30620
Audi,82967,2005,28365
Audi,133272,2015,41968
Lexus,129754,2007,26703
Lexus,105778,2012,42517
Lexus,35399,2014,14871
Audi,124901,2016,20707
Audi,63419,2005,44505
Lexus,86791,2007,38826
Audi,41127,2020,48117
Audi,61607,2019,25246
Audi,79193,2007,42643
Audi,86774,2023,20239
Audi,102101,2019,15996
Lexus,49139,2018,39899
Audi,120115,2007,43002
Lexus,44651,2010,31252
Audi,144236,2010,46519
Lexus,79635,2018,38265
Audi,103064,2005,14260
Audi,56987,2005,11470
Audi,41233,2006,21428
Lexus,138765,2015,41921
Lexus,137294,2010,34556
Lexus,61791,2013,36727
Audi,33072,2011,38459
Lexus,135349,2022,17221
Lexus,100105,2008,46080
Audi,139819,2012,35246
Audi,9568,2008,26561
Lexus,97843,2009,13892
Audi,61065,2022,42590
Audi,24366,2006,16564
Audi,73975,2007,48666
Lexus,33827,2006,42213
Lexus,5226,2011,21816
Audi,146746,2005,33662
Lexus,16205,2008,26621
Lexus,49748,2017,41661
Lexus,73683,2018,38776
Lexus,41581,2019,44993
Lexus,35803,2021,44173
Audi,112893,2020,24135
Audi,91861,2016,24490
Audi,50856,2016,39491
Lexus,96129,2021,34577
Lexus,83268,2005,44344
Lexus,59946,2013,33252
Lexus,59431,2009,11859
Audi,70865,2009,40472
Lexus,121701,2017,15083
Audi,74998,2008,30490
Lexus,119638,2012,18155
Audi,112624,2009,25236
Lexus,113756,2011,36601
Audi,63034,2015,48645
Lexus,92894,2022,15993
Audi,43132,2023,47383
Audi,90295,2015,13996
Lexus,129917,2023,37816
Audi,53118,2016,24502
Lexus,135658,2011,31507
Audi,106684,2017,16716
Lexus,139810,2018,14861
Lexus,7038,2023,32432
Audi,56820,2019,47972
Audi,71592,2022,28932
Lexus,47952,2009,16766
Audi,123689,2023,15921
Lexus,14971,2006,17008
Audi,88907,2022,36870
Audi,105276,2014,47547
Lexus,90208,2017,18828
Audi,50223,2022,41503
Audi,114970,2010,31522
Audi,106110,2006,33332
Lexus,83261,2023,10879
Lexus,98618,2009,19644
Audi,108459,2013,27918
Audi,94111,2012,45113
Audi,56383,2008,17428
Audi,95493,2007,33341
Lexus,22996,2017,40985
Audi,128222,2013,47458
Lexus,74153,2020,36921
Lexus,69800,2008,39775
Audi,119356,2019,41871
Lexus,130355,2023,38514
Lexus,135722,2009,41454
Audi,12292,2019,18970
Audi,124541,2007,46356
Lexus,130806,2010,37559
Audi,94038,2023,39510
Audi,124800,2019,30353
Audi,75255,2015,39247
Lexus,37206,2018,47248
Lexus,89790,2018,13406
Audi,11028,2022,48781
Audi,120460,2021,45685
Audi,91547,2008,42695
Audi,87551,2018,34071
Lexus,148783,2019,41201
Audi,45459,2012,31600
Audi,37923,2020,20187
Lexus,29866,2016,35851
Lexus,147606,2007,13006
Audi,110036,2014,46109
Lexus,100069,2023,49733
Audi,99686,2017,42881
Audi,35080,2020,35387
Audi,149732,2007,47849
Audi,32038,2017,14765
Lexus,41482,2020,32177
Lexus,5619,2017,43717
Audi,108433,2007,15994
Audi,91702,2011,35893
Lexus,67626,2017,37240
Audi,79024,2013,45825
Lexus,84513,2017,12942
Audi,10575,2018,25438
Audi,114866,2011,38839
Lexus,14498,2011,30968
Lexus,11976,2008,21533
Lexus,51245,2019,10209
Audi,99613,2013,18930
Lexus,111353,2011,31891
Lexus,100748,2013,15388
Lexus,40274,2023,13755
Audi,82090,2013,37266
Audi,118230,2005,22426
Audi,53972,2020,41512
Lexus,70692,2015,14377
Audi,116571,2011,21415
Audi,31190,2006,22966
Audi,148784,2018,27486
Lexus,33711,2007,41748
Audi,34018,2006,13947
Audi,51204,2019,21455
Lexus,27013,2009,35083
Lexus,92599,2020,34307
Audi,132256,2015,34342
Lexus,103052,2005,35325
Lexus,143604,2017,18516
Lexus,26020,2009,38838
Lexus,43612,2016,26714
Audi,85335,2014,38030
Audi,37444,2006,28937
Lexus,59708,2007,11800
Lexus,24878,2014,18387
Audi,78884,2009,17350
Lexus,142186,2011,17003
Lexus,5178,2019,22066
Lexus,26140,2012,25568
Lexus,27954,2010,41035
Audi,89298,2010,13659
Audi,128144,2011,21363
Lexus,16203,2006,30183
Lexus,147061,2014,16878
Lexus,149615,2021,28660
Audi,130828,2007,34375
Audi,117866,2020,17622
Lexus,8195,2006,41648
Audi,140892,2011,38609
Lexus,12893,2011,37728
Lexus,140730,2008,44239
Audi,129342,2023,11452
Audi,125003,2007,34263
Lexus,23019,2020,34269
Audi,24672,2014,14313
Lexus,111945,2009,49289
Audi,53171,2019,13908
Audi,14192,2017,40776
Lexus,76070,2017,44767
Audi,148448,2007,11511
Audi,69383,2023,48923
Audi,65546,2012,39764
Lexus,35888,2016,13845
Audi,11886,2008,49048
Lexus,89659,2017,46862
Lexus,94015,2019,32570
Audi,34206,2008,43515
Audi,34769,2018,45239
Lexus,21113,2010,46465
Lexus,117750,2006,28455
Audi,31878,2019,17462
Audi,139669,2006,39954
Lexus,89718,2018,46688
Audi,64584,2009,35510
Lexus,143312,2017,11151
Audi,12741,2016,41155
Lexus,48896,2017,49933
Audi,147474,2014,15930
Lexus,116508,2010,23335
Lexus,43690,2008,32518
Lexus,38184,2023,48540
Lexus,107566,2010,35851
Audi,143250,2007,15168
Lexus,24008,2017,33716
Lexus,66731,2015,18711
Audi,112876,2005,23894
Lexus,104739,2022,14024
Audi,131608,2023,16370
Audi,102777,2016,23713
Audi,17794,2005,38508
Lexus,25396,2021,32526
Lexus,65781,2013,17710
Audi,27466,2006,27001
Audi,95159,2021,14110
Audi,14115,2023,42739
Audi,63270,2019,13759
Lexus,122201,2023,48150
Audi,57303,2006,11551
Lexus,144792,2022,28268
Lexus,49617,2011,48142
Lexus,141625,2022,19557
Lexus,54830,2019,30216
Lexus,97810,2007,26259
Audi,104754,2022,28226
Lexus,101625,2016,23173
Audi,125141,2012,36445
Audi,71005,2010,28953
Audi,136604,2012,38530
Audi,146771,2013,31049
Lexus,98123,2013,28267
Audi,6441,2011,34084
Audi,112661,2007,37738
Audi,70983,2014,16339
Audi,70521,2012,39413
Audi,35033,2017,46101
Audi,7396,2015,26388
Audi,27501,2007,31147
Lexus,22082,2007,31052
Audi,126934,2019,15353
Audi,21321,2017,36298
Audi,102534,2022,23914
Lexus,43128,2020,21483
Lexus,106332,2005,42430
Lexus,141558,2018,15862
Audi,34785,2023,33302
Audi,82086,2021,22311
Audi,145366,2005,20533
Audi,96186,2012,28042
Audi,67124,2020,23906
Audi,42099,2016,23114
Audi,47757,2016,31445
Lexus,37454,2019,20379
Audi,109844,2005,43266
Audi,33800,2018,41771
Audi,20504,2007,34827
Audi,110794,2020,43280
Lexus,43773,2011,15201
Audi,72201,2008,15656
Lexus,96016,2023,47304
Lexus,54857,2018,24282
Audi,118271,2007,28621
Lexus,97085,2006,32552
Audi,134934,2007,26545
Lexus,42019,2020,40271
Lexus,121490,2022,14923
Audi,71108,2008,10007
Audi,44450,2022,48088
Audi,147325,2013,44566
Audi,34329,2007,15172
Lexus,96058,2010,27124
Lexus,22464,2012,37611
Lexus,82053,2007,32035
Lexus,148976,2012,39873
Lexus,12638,2018,41621
Lexus,137354,2023,28169
Audi,16447,2019,23758
Audi,139938,2012,22099
Audi,23902,2006,45234
Lexus,51704,2009,34231
Lexus,26095,2017,16623
Audi,145525,2011,46143
Lexus,106455,2005,21948
Lexus,34099,2017,46968
Audi,47559,2019,13856
Audi,103167,2013,23716
Lexus,12916,2017,49467
Audi,36010,2008,22045
Audi,93823,2011,11384
Audi,27531,2022,39400
Audi,30647,2006,11756
Lexus,93716,2011,13045
Lexus,115680,2022,21612
Audi,12704,2014,42148
Audi,135854,2011,36691
Audi,40136,2013,45174
Lexus,75406,2021,22000
Audi,147796,2018,17195
Audi,129219,2007,38356
Audi,132620,2007,33850
Lexus,99674,2019,16647
Lexus,57360,2020,38144
Lexus,32888,2016,14958
Lexus,44154,2019,23393
Audi,63879,2016,29351
Audi,64431,2007,49942
Audi,59104,2016,49909
Audi,105301,2022,37114
Audi,105969,2015,33747
Lexus,96866,2011,40440
Audi,138228,2018,13633
Audi,129610,2009,25639
Lexus,53501,2012,44094
Audi,131215,2005,21911
Audi,112708,2020,10820
Audi,51786,2018,17663
Audi,68721,2009,10095
Audi,45295,2007,22900
Audi,91573,2016,46396
Audi,38665,2023,25239
Audi,68454,2017,19885
Audi,119827,2023,37551
Lexus,120305,2008,45386
Lexus,33399,2009,21327
Lexus,111338,2020,18357
Audi,117897,2009,21753
Audi,60061,2007,44655
Lexus,99421,2017,23745
Audi,62769,2016,14366
Audi,59097,2013,21441
Lexus,118862,2021,43528
Lexus,139983,2023,31280
Lexus,33830,2020,35626
Lexus,108695,2010,29898
Audi,104755,2019,21474
Audi,32257,2009,10917
Audi,63044,2009,38754
Lexus,137368,2009,20648
Lexus,91198,2009,33775
Lexus,108714,2006,41962
Lexus,120212,2009,30618
Lexus,35399,2023,27315
Audi,104915,2017,27186
Audi,20966,2017,48442
Audi,26476,2014,41547
Audi,121549,2009,43275
Lexus,135084,2006,19646
Lexus,112858,2018,13434
Audi,5087,2020,21547
Audi,106765,2017,11610
Lexus,18650,2012,30740
Lexus,68964,2022,25934
Lexus,85181,2009,20057
Lexus,132741,2009,28108
Audi,143451,2015,21428
Audi,61650,2010,14302
Lexus,139826,2015,47782
Audi,90989,2005,44968
Lexus,50823,2011,10935
Lexus,94153,2010,35940
Audi,104420,2012,37102
Audi,83746,2018,48644
Audi,133232,2005,40534
Audi,46070,2008,18947
Audi,27582,2021,18100
Lexus,137740,2007,40468
Audi,60233,2007,35767
Audi,147142,2014,35781
Audi,17644,2022,31370
Lexus,112017,2016,41253
Lexus,72790,2019,31439
Audi,107780,2014,33503
Lexus,147575,2020,25319
Audi,100279,2009,47202
Audi,26025,2009,29123
Lexus,87990,2022,12720
Lexus,43680,2006,45353
Lexus,134435,2016,41190
Audi,57525,2006,40745
Lexus,78627,2013,29257
Audi,103701,2006,25213
Audi,23547,2023,20136
Lexus,142598,2008,45692
Lexus,7850,2019,39225
Lexus,76208,2017,26975
Lexus,25830,2013,29988
Lexus,139296,2013,31074
Lexus,104891,2008,12585
Audi,131229,2021,36755
Lexus,68004,2015,35214
Audi,125519,2011,46199
Audi,137521,2007,40641
Lexus,68231,2008,15820
Lexus,145967,2015,40795
Lexus,121406,2006,29673
Audi,95320,2014,38987
Audi,36180,2022,20832
Lexus,36391,2017,24203
Lexus,17236,2008,36210
Audi,39983,2006,34921
Lexus,26255,2009,39686
Lexus,121724,2007,45852
Audi,13972,2021,32285
Audi,76186,2017,19944
Audi,82832,2005,34780
Audi,11561,2018,22402
Lexus,135753,2013,35698
Audi,34220,2012,15836
Lexus,135439,2022,25618
Lexus,127537,2007,16372
Lexus,87385,2023,27373
Lexus,137801,2009,28386
Audi,11067,2009,32243
Lexus,103791,2018,15965
Lexus,52371,2018,43557
Lexus,128497,2007,41865
Audi,38101,2021,10797
Lexus,8984,2022,26892
Lexus,35681,2022,27899
Lexus,13056,2017,27753
Lexus,129136,2007,49983
Lexus,107051,2019,29124
Lexus,144164,2009,24295
Audi,125871,2008,40889
Lexus,74508,2008,14765
Lexus,34287,2005,40546
Lexus,114759,2017,42526
Lexus,89520,2011,41251
Audi,138144,2016,32601
Lexus,46308,2006,48519
Audi,48064,2007,15078
Audi,54560,2019,44805
Audi,23030,2008,23930
Lexus,44589,2013,46173
Lexus,30166,2018,37006
Audi,34196,2014,21056
Audi,50530,2014,48846
Audi,95521,2011,44814
Audi,128753,2013,49578
Audi,139128,2015,45592
Audi,12034,2016,23098
Audi,18556,2013,15237
Audi,124905,2006,36438
Lexus,67708,2012,43801
Audi,36433,2020,12555
Audi,24826,2019,48361
Lexus,148320,2019,36423
Audi,41498,2014,20146
Audi,145290,2023,31720
Lexus,96871,2006,12072
Lexus,86396,2010,28213
Audi,112355,2010,33810
Audi,52717,2013,47841
Audi,37529,2016,25463
Lexus,25263,2012,35412
Lexus,132967,2011,17071
Audi,21275,2017,10982
Audi,120668,2018,34696
Lexus,69350,2005,38766
Lexus,14486,2017,40456
Lexus,143191,2019,28255
Lexus,138426,2013,48785
Audi,20188,2010,32379
Audi,83249,2019,10070
Audi,146037,2013,37300
Lexus,147811,2011,15662
Lexus,144987,2019,42621
Lexus,44605,2019,49103
Lexus,42548,2009,16182
Lexus,108235,2013,18946
Lexus,19465,2007,27332
Lexus,91202,2021,44728
Lexus,35362,2018,11392
Lexus,115967,2022,32276
Audi,110347,2006,42579
Audi,51144,2012,39021
Lexus,107973,2006,47261
Lexus,73484,2018,17703
Lexus,12550,2013,30614
Audi,148657,2022,46737
Audi,6537,2006,45873
Audi,98017,2010,44304
Audi,133517,2020,36287
Audi,39529,2020,22507
Audi,130557,2007,23786
Lexus,39834,2016,47575
Lexus,64299,2005,35327
Audi,111742,2016,12831
Lexus,87427,2005,27451
Audi,130023,2019,46874
Audi,137768,2020,29061
Audi,142309,2020,30618
Audi,81508,2013,36566
Lexus,139877,2010,26559
Audi,24755,2011,46574
Audi,44907,2009,17058
Lexus,59346,2014,47343
Lexus,67336,2014,36955
Lexus,112291,2016,35890
Lexus,61950,2007,17964
Audi,89974,2007,43655
Audi,67726,2017,42304
Lexus,62390,2011,42929
Audi,60147,2010,43428
Lexus,19580,2006,14415
Audi,144098,2017,39241
Lexus,128948,2014,13389
Audi,66430,2011,32084
Lexus,6257,2018,30801
Audi,143316,2005,46487
Lexus,103635,2009,24919
Audi,34354,2010,35005
Lexus,129276,2011,10192
Audi,78922,2011,13104
Audi,63650,2005,44360
Lexus,132380,2016,33033
Lexus,97507,2008,11718
Audi,136349,2012,39381
Audi,106356,2006,40232
Audi,81242,2023,38064
Audi,16235,2017,40092
Audi,19738,2005,24972
Audi,11112,2005,25480
Lexus,125414,2019,49646
Audi,19427,2016,40421
Audi,33527,2010,34656
Lexus,46792,2006,14995
Audi,11992,2005,24140
Audi,120162,2009,43576
Lexus,13754,2016,27761
Lexus,33377,2020,48208
Audi,117921,2006,18608
Audi,112538,2008,15548
Lexus,105147,2023,24405
Audi,70092,2021,12272
Audi,18169,2013,13169
Audi,29727,2017,30886
Audi,125346,2018,14704
Audi,61714,2019,20233
Audi,79039,2018,10423
Lexus,42659,2017,24556
Lexus,90261,2013,38412
Lexus,66835,2014,41603
Audi,15414,2021,24007
Lexus,119781,2019,45195
Lexus,33144,2013,43606
Lexus,36121,2015,17881
Lexus,68166,2023,16076
Audi,102717,2012,24602
Audi,132530,2005,21305
Audi,80432,2013,45760
Lexus,128052,2013,47026
Lexus,43405,2023,37431
Audi,26183,2008,12984
Lexus,119830,2009,45363
Lexus,10632,2021,14899
Audi,105828,2022,34940
Audi,113430,2021,10715
Lexus,79045,2012,23582
Lexus,124948,2015,47213
Audi,104914,2007,31501
Lexus,35196,2005,36459
Lexus,64572,2014,28826
Audi,44893,2006,17823
Audi,47845,2009,39144
Lexus,77633,2016,18762
Lexus,79452,2017,46104
Lexus,18688,2012,30897
Lexus,73197,2016,12302
Lexus,149547,2023,13309
Lexus,96344,2010,18833
Lexus,24616,2017,34504
Lexus,127175,2018,30351
Audi,118235,2022,32532
Audi,126651,2022,26479
Lexus,126601,2021,23215
Audi,117790,2011,49388
Lexus,103568,2011,30403
Lexus,81440,2014,25504
Lexus,133887,2008,35199
Audi,71474,2018,45064
Audi,16652,2009,17311
Audi,133706,2019,18356
Lexus,130636,2018,23272
Lexus,58656,2007,24410
Audi,127358,2016,14384
Lexus,107091,2009,40589
Audi,129894,2010,43200
Audi,143228,2022,39895
Lexus,54606,2022,28111
Audi,26524,2019,30048
Lexus,31829,2018,10657
Audi,71848,2014,25131
Lexus,128941,2007,14936
Audi,31449,2012,29695
Audi,18895,2015,40109
Lexus,6658,2020,13179
Lexus,28591,2023,32053
Audi,103982,2009,31573
Lexus,56983,2013,35652
Lexus,77606,2012,10385
Lexus,51373,2021,45091
Lexus,15558,2008,44820
Lexus,85035,2012,48404
Audi,50225,2008,13161
Audi,119050,2009,40366
Audi,46308,2010,45515
Lexus,89484,2018,26375
Audi,26587,2023,24374
Audi,35135,2019,27125
Audi,112696,2005,40391
Lexus,121275,2014,32375
Lexus,88844,2022,29325
Audi,75944,2016,17776
Audi,30032,2022,21509
Audi,49116,2008,28285
Audi,110851,2008,12567
Audi,60426,2010,23295
Audi,23597,2016,10269
Audi,22358,2010,15005
Audi,97202,2019,45231
Lexus,76713,2017,20065
Lexus,70718,2006,18100
Audi,73668,2022,41401
Audi,134918,2010,21028
Audi,70323,2022,39245
Lexus,62796,2005,41889
Audi,52971,2010,25770
Lexus,131826,2017,11176
Audi,135729,2011,35142
Audi,77693,2015,21892
Audi,70212,2022,44007
Lexus,31385,2010,11769
Audi,29933,2015,17684
Lexus,52742,2017,35576
Audi,138733,2012,25139
Lexus,132886,2017,24446
Audi,109212,2021,22521
Lexus,70602,2007,17593
Audi,94441,2013,39595
Audi,113229,2018,39368
Lexus,56073,2008,44101
Audi,33308,2010,22183
Audi,77035,2006,30147
Audi,52508,2005,46257
Lexus,23949,2022,29634
Audi,124230,2023,11427
Lexus,46161,2005,32565
Audi,44912,2015,43382
Audi,134950,2017,13194
Lexus,96809,2011,45434
Lexus,46523,2015,45069
Audi,125539,2006,48280
Lexus,13405,2022,12133
Lexus,110210,2023,22346
Audi,21681,2022,36636
Lexus,46022,2012,24857
Audi,87818,2022,37864
Lexus,36813,2020,16943
Audi,34570,2008,40365
Lexus,14196,2008,24685
Lexus,104868,2017,44191
Audi,144704,2023,45400
Audi,9540,2013,25209
Audi,148183,2018,41125
Audi,43922,2011,40192
Lexus,17997,2005,27150
Audi,149254,2023,19049
Audi,63698,2015,18391
Lexus,124484,2008,12820
Audi,108530,2009,10884
Lexus,148905,2019,46210
Audi,19275,2010,39954
Audi,96024,2007,12926
Lexus,17325,2013,35866
Lexus,59015,2017,37438
Lexus,148542,2005,30742
Audi,61974,2020,19401
Lexus,127472,2011,32652
Audi,107628,2011,28866
Audi,133494,2007,39240
Audi,71796,2021,15065
Audi,74892,2011,24838
Lexus,143509,2016,47466
Audi,49048,2012,14926
Lexus,40405,2016,47276
Lexus,56947,2011,20943
Audi,126677,2016,22064
Lexus,105205,2005,44198
Lexus,139296,2011,23060
Lexus,98750,2010,28684
Audi,94910,2012,23972
Audi,40407,2021,17397
Lexus,9838,2016,22122
Lexus,109459,2007,37754
Audi,101089,2022,26708
Audi,50729,2017,39169
Audi,27411,2021,20938
Audi,61633,2021,32680
Lexus,117443,2021,48850
Lexus,33217,2005,48721
Audi,125257,2019,37400
Lexus,37264,2013,31668
Lexus,70518,2017,33935
Lexus,127297,2017,24818
Lexus,9940,2018,24077
Lexus,56425,2023,15477
Audi,66006,2023,22312
Lexus,51031,2023,28559
Audi,124868,2017,32955
Lexus,121243,2007,16106
Lexus,43562,2010,31813
Audi,54498,2007,19299
Lexus,24862,2010,23933
Lexus,138789,2022,34953
Lexus,93546,2017,37585
Lexus,51223,2015,39404
Lexus,91262,2006,16946
Audi,108659,2013,17727
Lexus,30095,2007,18723
Audi,131126,2008,39201
Lexus,18167,2006,19818
Lexus,144319,2005,38137
Lexus,109405,2014,31299
Audi,28683,2005,17534
Lexus,39531,2019,37248
Lexus,28009,2008,43693
Audi,129842,2013,44897
Audi,55721,2013,10875
Audi,128846,2016,26265
Audi,34935,2013,33821
Audi,51869,2015,24491
Audi,98788,2005,29540
Audi,37654,2009,46120
Lexus,145083,2015,37863
Lexus,15980,2009,20225
Audi,28683,2012,28965
Audi,31292,2018,33260
Audi,57513,2006,11017
Audi,56303,2015,12974
Lexus,76056,2014,36920
Lexus,134735,2021,27415
Audi,40507,2009,37974
Lexus,103441,2013,31169
Audi,144834,2008,15748
Lexus,148164,2018,37134
Lexus,26965,2005,12831
Audi,86447,2020,10021
Lexus,103892,2013,17016
Audi,48550,2020,17312
Lexus,10579,2007,38662
Lexus,108263,2010,29868
Audi,26436,2019,36069
Lexus,77313,2011,44839
Lexus,93978,2006,21285
Lexus,138167,2009,45483
Lexus,94552,2011,19130
Audi,141310,2014,10648
Lexus,131224,2019,15933
Audi,56412,2020,34609
Audi,11212,2012,26429
Audi,131308,2006,47117
Audi,142840,2005,33908
Lexus,54556,2008,36412
Audi,53943,2006,25165
Audi,50808,2011,39895
Lexus,114748,2022,48356
Audi,122542,2021,34440
Audi,145043,2009,13316
Audi,137322,2012,18596
Audi,60755,2014,43841
Audi,87876,2011,35887
Lexus,52106,2012,43087
Lexus,84449,2022,24251
Audi,54396,2014,17910
Audi,128357,2009,17395
Audi,102420,2018,41305
Audi,28234,2013,39394
Lexus,64025,2021,28891
Audi,120396,2015,29549
Audi,13738,2021,32459
Lexus,15191,2007,12000
Lexus,6269,2021,23125
Lexus,122563,2007,28938
Audi,123671,2018,12546
Audi,38200,2023,20354
Lexus,126484,2022,34434
Audi,10137,2007,40403
Lexus,11892,2005,42247
Lexus,64964,2013,28443
Audi,117869,2017,27270
Lexus,61312,2020,18819
Audi,73129,2007,37514
Lexus,8345,2019,31073
Audi,50736,2020,25288
Audi,138401,2006,26395
Audi,13813,2006,43041
Lexus,61576,2015,25112
Lexus,118601,2010,31324
Lexus,75910,2006,35095
Audi,144300,2009,17514
Lexus,144423,2007,42410
Audi,21608,2012,33414
Audi,46498,2009,19570
Lexus,109674,2011,48204
Audi,132741,2007,40102
Lexus,48876,2008,21197
Audi,107974,2021,10585
Lexus,58876,2020,44496
Audi,141050,2022,47320
Audi,103051,2023,19380
Lexus,6269,2007,44224
Audi,53785,2011,38926
Audi,8220,2016,28815
Audi,33019,2020,19013
Lexus,123230,2005,47481
Audi,8957,2011,16435
Audi,10801,2005,26678
Audi,120149,2019,37225
Lexus,41186,2019,19193
Audi,75098,2017,16419
Lexus,68685,2015,43268
Audi,143591,2008,18671
Lexus,106978,2016,26442
Lexus,6277,2010,27774
Audi,144874,2006,37259
Audi,30602,2016,14299
Audi,45298,2014,16737
Lexus,82977,2016,19094
Lexus,25338,2013,42426
Audi,5041,2015,16979
Lexus,27617,2011,12526
Audi,60361,2011,10930
Lexus,52500,2008,46549
Lexus,88079,2018,28440
Lexus,36240,2006,20743
Lexus,122018,2009,24532
Audi,57897,2009,31899
Audi,124020,2015,21288
Lexus,51747,2005,32771
Audi,135024,2012,46450
Audi,28731,2012,44188
Audi,103363,2007,17162
Lexus,28848,2014,23239
Lexus,107413,2012,45834
Lexus,39370,2014,21739
Lexus,80173,2015,45630
Audi,55572,2011,43282
Audi,38428,2021,29502
Audi,113587,2017,39822
Audi,124010,2009,27224
Lexus,120728,2017,40460
Lexus,125281,2015,43015
Lexus,68481,2007,46260
Lexus,15690,2008,14106
Lexus,148708,2012,33088
Lexus,144485,2022,28048
Lexus,120559,2005,27740
Lexus,116794,2016,36074
Audi,127290,2018,34791
Audi,10439,2013,12785
Lexus,138947,2010,11729
Lexus,109143,2021,12008
Lexus,22318,2008,21809
Audi,132787,2016,10144
Lexus,26515,2009,40327
Lexus,85707,2014,23829
Lexus,23472,2013,29092
Lexus,127175,2005,14572
Audi,129676,2021,29103
Audi,16413,2014,21468
Lexus,9233,2013,14998
Audi,38867,2007,36398
Lexus,66437,2005,20915
Lexus,84408,2010,44167
Audi,25217,2014,47897
Audi,60423,2017,18809
Audi,143146,2009,16914
Audi,29718,2017,14028
Audi,87164,2014,15859
Audi,33628,2016,30155
Lexus,127349,2017,22979
Audi,112321,2013,24370
Lexus,5270,2009,48781
Audi,49342,2018,41509
Lexus,48902,2009,27861
Lexus,46305,2009,23945
Lexus,11513,2022,26775
Audi,68342,2022,32479
Lexus,68217,2015,47836
Audi,29406,2014,40679
Audi,47342,2005,24170
Audi,9639,2011,26116
Audi,34957,2015,22682
Lexus,45135,2015,13634
Audi,88747,2007,44365
Audi,11482,2008,38295
Lexus,47186,2017,15929
Audi,41200,2007,13333
Audi,136948,2011,35296
Lexus,64588,2023,35192
Lexus,84081,2015,10041
Audi,71204,2009,28775
Lexus,124376,2005,37893
Audi,125150,2019,34542
Audi,13802,2020,43576
Audi,51159,2008,14807
Lexus,41311,2013,22829
Audi,94772,2005,42672
Audi,89911,2015,26519
Audi,53832,2012,26535
Audi,139650,2022,47751
Lexus,146202,2006,13365
Lexus,22478,2019,16325
Audi,111939,2006,22200
Audi,35007,2010,34750
Audi,70690,2014,21309
Lexus,39722,2016,45145
Audi,60192,2021,10760
Audi,10625,2012,36947
Audi,108204,2022,13687
Audi,102055,2019,41079
Lexus,36211,2012,35789
Lexus,120414,2008,11908
Audi,58340,2022,42952
Lexus,104767,2014,30922
Lexus,46217,2008,30595
Lexus,20420,2022,17495
Audi,47960,2015,20622
Audi,149709,2022,16413
Audi,148058,2021,32273
Lexus,12824,2008,32845
Lexus,122906,2022,13090
Lexus,55052,2010,31965
Lexus,69673,2023,41889
Lexus,59320,2014,36403
Lexus,25938,2022,16116
Audi,69370,2015,15290
Audi,106293,2020,47445
Audi,147541,2005,46553
Audi,73056,2020,19105
Lexus,84629,2014,27524
Lexus,70016,2015,46818
Audi,7991,2007,40483
Lexus,120218,2014,16691
Audi,118921,2016,29334
Audi,113605,2014,11988
Lexus,42030,2014,43531
Lexus,70496,2018,37962
Lexus,77207,2018,18836
Lexus,55551,2010,35804
Lexus,57674,2010,24549
Lexus,124190,2005,33723
Lexus,126361,2023,18387
Audi,57001,2008,29144
Audi,16382,2005,13291
Audi,115854,2017,18773
Audi,68364,2010,49646
Audi,147199,2014,18307
Audi,42376,2018,37573
Lexus,92358,2012,18649
Lexus,77211,2017,19274
Lexus,99756,2008,38759
Lexus,113851,2014,26614
Audi,13327,2010,42894
Lexus,24442,2005,20875
Lexus,122908,2013,22216
Lexus,130924,2022,23285
Audi,19595,2020,22246
Audi,71842,2017,10798
Audi,117237,2017,21059
Audi,135842,2010,20118
Lexus,113215,2012,43200
Audi,123517,2009,12487
Audi,126332,2017,44740
Audi,118032,2008,48019
Lexus,15997,2007,11474
Lexus,115185,2007,39125
Lexus,39294,2008,29027
Lexus,28398,2013,25912
Audi,45111,2011,47371
Lexus,53379,2010,23769
Lexus,93082,2010,42936
Lexus,118277,2017,25208
Lexus,78028,2014,48768
Audi,47685,2011,20788
Audi,103227,2014,19633
Audi,53632,2008,36729
Audi,58966,2005,11623
Lexus,115697,2009,11346
Lexus,11698,2012,42739
Lexus,144209,2021,32804
Lexus,6774,2005,38052
Audi,81290,2005,15127
Audi,21377,2015,35906
Lexus,57287,2014,32218
Audi,41727,2005,18463
Lexus,26171,2017,23961
Lexus,137187,2014,23868
Audi,69551,2018,34332
Lexus,8103,2013,38280
Lexus,124116,2019,11825
Audi,28939,2006,12483
Audi,28147,2018,38984
Lexus,48626,2010,32303
Lexus,115809,2023,22956
Lexus,10896,2010,17180
Lexus,109752,2017,15688
Audi,26718,2022,29829
Audi,124896,2014,30374
Audi,89993,2021,26012
Audi,96292,2023,35948
Audi,91472,2021,12037
Audi,26795,2009,48376
Lexus,135704,2020,19813
Lexus,67225,2009,24305
Audi,5880,2013,46255
Audi,78675,2012,21954
Audi,70688,2013,18252
Lexus,33223,2021,47518
Audi,65267,2005,48580
Audi,95843,2008,10062
Lexus,58792,2012,29181
Audi,113648,2007,47272
Audi,137761,2010,39774
Audi,93935,2014,49668
Lexus,45497,2015,40043
Lexus,5719,2011,46641
Lexus,84853,2015,12101
Audi,14254,2017,16009
Audi,30485,2023,44713
Lexus,99727,2014,15680
Audi,78930,2022,30469
Audi,72651,2008,22174
Audi,53615,2022,43541
Lexus,145241,2014,26619
Audi,91682,2021,14906
Lexus,104469,2009,12772
Lexus,139818,2006,48389
Lexus,131506,2020,48146
Audi,97319,2011,29276
Audi,64028,2016,24776
Audi,142851,2012,17339
Lexus,64786,2007,35972
Audi,101932,2006,12330
Lexus,142054,2014,41914
Audi,127916,2022,44498
Audi,88398,2006,37863
Audi,45557,2006,34055
Audi,100413,2011,19931
Audi,49305,2008,41387
Lexus,89741,2022,21713
Audi,35935,2016,25825
Lexus,47580,2012,48233
Audi,12789,2011,42364
Audi,126770,2009,43128
Lexus,79069,2020,16731
Audi,70752,2005,46807
Lexus,31268,2017,47578
Lexus,133257,2016,14063
Lexus,46255,2008,21909
Audi,26659,2017,17097
Lexus,33673,2018,44493
Lexus,60041,2009,20853
Lexus,27274,2017,49633
Lexus,120700,2011,25898
Audi,97970,2023,47537
Audi,136559,2023,33994
Audi,5591,2017,16391
Lexus,46668,2008,36358
Audi,26431,2007,28173
Lexus,63084,2014,23948
Audi,33790,2015,43739
Lexus,120439,2017,24815
Audi,69842,2023,20210
Audi,96903,2005,49956
Lexus,74985,2007,41880
Lexus,123396,2009,27066
Lexus,149561,2009,17506
Lexus,130915,2020,30964
Lexus,42309,2009,39056
Audi,41712,2023,11222
Lexus,12940,2012,16268
Audi,69523,2008,37227
Audi,39326,2007,44307
Lexus,128327,2015,15787
Audi,118556,2017,24592
Lexus,128229,2019,48529
Lexus,77253,2020,46628
Lexus,57107,2019,17125
Lexus,37666,2009,44676
Lexus,133631,2020,22751
Lexus,146833,2007,18643
Audi,17412,2010,39516
Audi,84900,2007,38279
Audi,58318,2007,45761
Lexus,101340,2017,28590
Lexus,32012,2021,32403
Lexus,137622,2017,30168
Audi,123984,2018,22525
Lexus,111659,2019,21408
Lexus,96213,2022,32509
Audi,120463,2012,14431
Lexus,14938,2019,25106
Lexus,20263,2005,18882
Lexus,118390,2014,44686
Audi,19382,2013,37928
Lexus,14318,2014,28723
Lexus,21627,2018,47633
Audi,39181,2006,19133
Audi,21032,2015,18759
Lexus,75366,2022,24705
Lexus,20935,2022,44203
Audi,109988,2010,41305
Lexus,133976,2008,17016
Lexus,136516,2018,32429
Audi,147037,2005,31109
Audi,41292,2011,25689
Lexus,109136,2008,41477
Audi,122931,2005,11213
Lexus,13499,2023,41354
Lexus,117616,2019,24710
Lexus,43539,2017,35729
Lexus,25285,2020,46121
Audi,100880,2018,21000
Audi,76934,2023,45272
Audi,91782,2006,14257
Lexus,112884,2018,13163
Audi,60780,2017,31535
Audi,8718,2006,29641
Audi,111461,2009,13675
Audi,5785,2010,25835
Audi,18023,2011,20867
Lexus,90959,2019,38361
Lexus,106348,2010,20310
Lexus,10372,2013,22832
Audi,26995,2023,26591
Audi,13382,2018,41218
Lexus,77254,2007,46990
Lexus,14179,2020,45071
Audi,129622,2019,13265
Lexus,109954,2022,40189
Audi,95906,2014,34344
Audi,80865,2007,14127
Audi,124874,2011,24911
Lexus,135363,2009,18714
Audi,129786,2019,32614
Audi,49693,2015,18103
Lexus,74871,2008,17846
Lexus,118522,2022,36974
Lexus,137956,2005,31694
Audi,103103,2013,13332
Lexus,57299,2010,29351
Lexus,95358,2017,41217
Lexus,110387,2012,46800
Lexus,35361,2005,14906
Lexus,90135,2018,37060
Lexus,29082,2021,44402
Lexus,111766,2021,42617
Lexus,141665,2012,20495
Lexus,66905,2016,15496
Lexus,91937,2017,23162
Audi,129546,2015,29910
Lexus,121766,2014,32435
Lexus,97885,2019,36807
Audi,75956,2019,21294
Lexus,95306,2006,37201
Lexus,42687,2018,23200
Audi,115999,2022,42868
Lexus,46558,2022,35104
Lexus,49254,2018,39844
Audi,145698,2016,40663
Lexus,107713,2021,16375
Audi,126046,2019,46613
Audi,19308,2005,18716
Lexus,70577,2016,27695
Lexus,35041,2006,21389
Lexus,52291,2021,46147
Audi,123109,2018,35621
Audi,41804,2005,28448
Audi,25688,2017,14122
Lexus,36597,2017,47118
Lexus,75731,2011,19084
Lexus,79339,2012,11990
Lexus,102239,2011,24481
Lexus,42451,2014,33820
Lexus,7620,2017,47497
Lexus,130391,2006,29393
Lexus,76896,2019,32171
Audi,26992,2022,12220
Lexus,86402,2013,26229
Lexus,30510,2009,33230
Lexus,88597,2015,35756
Audi,137435,2021,31548
Lexus,34745,2023,37680
Audi,136088,2013,21545
Audi,134373,2005,44386
Lexus,127871,2023,28821
Lexus,12963,2016,39986
Audi,69420,2015,14884
Audi,51641,2005,32741
Lexus,8052,2013,44213
Lexus,59384,2021,17225
Lexus,63558,2009,15133
